USE StudentManagement;
GO

INSERT INTO dbo.Users
    (UserID, Username, [Password], Role, Status, CreatedAt, FullName, Email, Phone, Gender, DOB)
VALUES
(N'US001', N'sv001', N'123456', N'Student', N'Active', GETDATE(), N'Đặng Minh Phúc', N'phucdm0001@student.edu.vn', N'0376647378', N'Nam', '2005-07-14'),
(N'US002', N'sv002', N'123456', N'Student', N'Active', GETDATE(), N'Huỳnh Văn Cường', N'cuonghv0002@student.edu.vn', N'0378830059', N'Nam', '2003-11-03'),
(N'US003', N'sv003', N'123456', N'Student', N'Active', GETDATE(), N'Hoàng Diễm Ngọc', N'ngochd0003@student.edu.vn', N'0811233066', N'Nữ', '2003-04-28'),
(N'US004', N'sv004', N'123456', N'Student', N'Active', GETDATE(), N'Đỗ Văn Nghĩa', N'nghiadv0004@student.edu.vn', N'0907058715', N'Nam', '2003-03-10'),
(N'US005', N'sv005', N'123456', N'Student', N'Active', GETDATE(), N'Nguyễn Thị Hà', N'hant0005@student.edu.vn', N'0322110728', N'Nữ', '2008-02-14'),
(N'US006', N'sv006', N'123456', N'Student', N'Inactive', GETDATE(), N'Huỳnh Thu Hoa', N'hoaht0006@student.edu.vn', N'0945672207', N'Nữ', '2004-07-15'),
(N'US007', N'sv007', N'123456', N'Student', N'Active', GETDATE(), N'Đỗ Ngọc Hạnh', N'hanhdn0007@student.edu.vn', N'0993133911', N'Nữ', '2006-12-17'),
(N'US008', N'sv008', N'123456', N'Student', N'Active', GETDATE(), N'Võ Đức Hoàng', N'hoangvd0008@student.edu.vn', N'0857863528', N'Nam', '2007-10-03'),
(N'US009', N'sv009', N'123456', N'Student', N'Active', GETDATE(), N'Đỗ Hữu An', N'andh0009@student.edu.vn', N'0814578657', N'Nam', '2002-11-16'),
(N'US010', N'sv010', N'123456', N'Student', N'Active', GETDATE(), N'Võ Ngọc Hà', N'havn0010@student.edu.vn', N'0794012707', N'Nữ', '2005-04-13'),
(N'US011', N'sv011', N'123456', N'Student', N'Active', GETDATE(), N'Huỳnh Minh Đông', N'donghm0011@student.edu.vn', N'0348983995', N'Nam', '2005-11-10'),
(N'US012', N'sv012', N'123456', N'Student', N'Active', GETDATE(), N'Vũ Minh Nhân', N'nhanvm0012@student.edu.vn', N'0859122555', N'Nam', '2006-04-21'),
(N'US013', N'sv013', N'123456', N'Student', N'Active', GETDATE(), N'Hoàng Quang Long', N'longhq0013@student.edu.vn', N'0969431212', N'Nam', '2008-07-10'),
(N'US014', N'sv014', N'123456', N'Student', N'Active', GETDATE(), N'Huỳnh Quang Nghĩa', N'nghiahq0014@student.edu.vn', N'0966520836', N'Nam', '2008-07-17'),
(N'US015', N'sv015', N'123456', N'Student', N'Active', GETDATE(), N'Lê Diễm Huyền', N'huyenld0015@student.edu.vn', N'0582905786', N'Nữ', '2008-12-15'),
(N'US016', N'sv016', N'123456', N'Student', N'Active', GETDATE(), N'Bùi Minh An', N'anbm0016@student.edu.vn', N'0923328176', N'Nam', '2003-03-19'),
(N'US017', N'sv017', N'123456', N'Student', N'Active', GETDATE(), N'Võ Diễm Linh', N'linhvd0017@student.edu.vn', N'0967040440', N'Nữ', '2005-12-05'),
(N'US018', N'sv018', N'123456', N'Student', N'Active', GETDATE(), N'Đỗ Thị Linh', N'linhdt0018@student.edu.vn', N'0813261522', N'Nữ', '2003-10-18'),
(N'US019', N'sv019', N'123456', N'Student', N'Active', GETDATE(), N'Huỳnh Thu Linh', N'linhht0019@student.edu.vn', N'0947042870', N'Nữ', '2004-02-12'),
(N'US020', N'sv020', N'123456', N'Student', N'Active', GETDATE(), N'Bùi Hữu Khang', N'khangbh0020@student.edu.vn', N'0593525967', N'Nam', '2007-09-28'),
(N'US021', N'sv021', N'123456', N'Student', N'Active', GETDATE(), N'Phan Diễm Huệ', N'huepd0021@student.edu.vn', N'0887428942', N'Nữ', '2007-02-14'),
(N'US022', N'sv022', N'123456', N'Student', N'Active', GETDATE(), N'Hoàng Hữu Long', N'longhh0022@student.edu.vn', N'0960620495', N'Nam', '2005-06-11'),
(N'US023', N'sv023', N'123456', N'Student', N'Active', GETDATE(), N'Phạm Thị Hà', N'hapt0023@student.edu.vn', N'0913964622', N'Nữ', '2005-01-22'),
(N'US024', N'sv024', N'123456', N'Student', N'Inactive', GETDATE(), N'Huỳnh Thị Giang', N'gianght0024@student.edu.vn', N'0361612072', N'Nữ', '2004-10-12'),
(N'US025', N'sv025', N'123456', N'Student', N'Active', GETDATE(), N'Huỳnh Văn Phúc', N'phuchv0025@student.edu.vn', N'0341424856', N'Nam', '2002-08-06'),
(N'US026', N'sv026', N'123456', N'Student', N'Active', GETDATE(), N'Trần Ngọc Huệ', N'huetn0026@student.edu.vn', N'0833922263', N'Nữ', '2003-07-05'),
(N'US027', N'sv027', N'123456', N'Student', N'Active', GETDATE(), N'Phạm Hữu Nam', N'namph0027@student.edu.vn', N'0938098006', N'Nam', '2006-02-11'),
(N'US028', N'sv028', N'123456', N'Student', N'Active', GETDATE(), N'Phan Diễm Loan', N'loanpd0028@student.edu.vn', N'0821692349', N'Nữ', '2005-09-23'),
(N'US029', N'sv029', N'123456', N'Student', N'Active', GETDATE(), N'Đặng Kim Hiền', N'hiendk0029@student.edu.vn', N'0770362448', N'Nữ', '2003-11-07'),
(N'US030', N'sv030', N'123456', N'Student', N'Active', GETDATE(), N'Nguyễn Hữu Dũng', N'dungnh0030@student.edu.vn', N'0978791890', N'Nam', '2005-01-27'),
(N'US031', N'sv031', N'123456', N'Student', N'Active', GETDATE(), N'Trần Quang Đông', N'dongtq0031@student.edu.vn', N'0849584498', N'Nam', '2004-03-07'),
(N'US032', N'sv032', N'123456', N'Student', N'Active', GETDATE(), N'Hoàng Văn Hào', N'haohv0032@student.edu.vn', N'0968319535', N'Nam', '2003-03-24'),
(N'US033', N'sv033', N'123456', N'Student', N'Active', GETDATE(), N'Võ Thu Hương', N'huongvt0033@student.edu.vn', N'0345611178', N'Nữ', '2007-08-15'),
(N'US034', N'sv034', N'123456', N'Student', N'Active', GETDATE(), N'Nguyễn Quang Khang', N'khangnq0034@student.edu.vn', N'0900778866', N'Nam', '2006-04-01'),
(N'US035', N'sv035', N'123456', N'Student', N'Active', GETDATE(), N'Vũ Hữu Cường', N'cuongvh0035@student.edu.vn', N'0343006034', N'Nam', '2006-12-05'),
(N'US036', N'sv036', N'123456', N'Student', N'Active', GETDATE(), N'Phan Đức Nghĩa', N'nghiapd0036@student.edu.vn', N'0939667366', N'Nam', '2003-01-19'),
(N'US037', N'sv037', N'123456', N'Student', N'Active', GETDATE(), N'Đặng Thị Loan', N'loandt0037@student.edu.vn', N'0777310727', N'Nữ', '2002-01-12'),
(N'US038', N'sv038', N'123456', N'Student', N'Active', GETDATE(), N'Phan Thị Hương', N'huongpt0038@student.edu.vn', N'0789379943', N'Nữ', '2003-08-31'),
(N'US039', N'sv039', N'123456', N'Student', N'Active', GETDATE(), N'Đỗ Kim Nhi', N'nhidk0039@student.edu.vn', N'0837649680', N'Nữ', '2007-08-03'),
(N'US040', N'sv040', N'123456', N'Student', N'Active', GETDATE(), N'Nguyễn Ngọc Hoa', N'hoann0040@student.edu.vn', N'0375346218', N'Nữ', '2002-08-06'),
(N'US041', N'sv041', N'123456', N'Student', N'Active', GETDATE(), N'Trần Đức An', N'antd0041@student.edu.vn', N'0371849671', N'Nam', '2007-02-14'),
(N'US042', N'sv042', N'123456', N'Student', N'Active', GETDATE(), N'Phan Quang Hiếu', N'hieupq0042@student.edu.vn', N'0592635593', N'Nam', '2003-06-08'),
(N'US043', N'sv043', N'123456', N'Student', N'Active', GETDATE(), N'Hoàng Kim Huyền', N'huyenhk0043@student.edu.vn', N'0701058428', N'Nữ', '2006-01-03'),
(N'US044', N'sv044', N'123456', N'Student', N'Active', GETDATE(), N'Hoàng Văn Nhân', N'nhanhv0044@student.edu.vn', N'0383946267', N'Nam', '2005-06-18'),
(N'US045', N'sv045', N'123456', N'Student', N'Active', GETDATE(), N'Trần Ngọc Hạnh', N'hanhtn0045@student.edu.vn', N'0796794269', N'Nữ', '2003-09-25'),
(N'US046', N'sv046', N'123456', N'Student', N'Active', GETDATE(), N'Hoàng Đức Kiên', N'kienhd0046@student.edu.vn', N'0701330550', N'Nam', '2005-04-13'),
(N'US047', N'sv047', N'123456', N'Student', N'Active', GETDATE(), N'Trần Đức Minh', N'minhtd0047@student.edu.vn', N'0348906977', N'Nam', '2008-01-29'),
(N'US048', N'sv048', N'123456', N'Student', N'Active', GETDATE(), N'Đỗ Diễm Mai', N'maidd0048@student.edu.vn', N'0390821437', N'Nữ', '2007-04-19'),
(N'US049', N'sv049', N'123456', N'Student', N'Active', GETDATE(), N'Phạm Ngọc Lan', N'lanpn0049@student.edu.vn', N'0780522968', N'Nữ', '2005-05-12'),
(N'US050', N'sv050', N'123456', N'Student', N'Suspended', GETDATE(), N'Đặng Văn Hải', N'haidv0050@student.edu.vn', N'0980436683', N'Nam', '2006-07-26'),
(N'US051', N'sv051', N'123456', N'Student', N'Active', GETDATE(), N'Phạm Ngọc Linh', N'linhpn0051@student.edu.vn', N'0399970911', N'Nữ', '2008-03-05'),
(N'US052', N'sv052', N'123456', N'Student', N'Active', GETDATE(), N'Lê Ngọc Mai', N'mailn0052@student.edu.vn', N'0813207898', N'Nữ', '2004-12-21'),
(N'US053', N'sv053', N'123456', N'Student', N'Active', GETDATE(), N'Đỗ Văn Hào', N'haodv0053@student.edu.vn', N'0907752425', N'Nam', '2005-01-29'),
(N'US054', N'sv054', N'123456', N'Student', N'Active', GETDATE(), N'Võ Diễm Hà', N'havd0054@student.edu.vn', N'0764011281', N'Nữ', '2003-11-04'),
(N'US055', N'sv055', N'123456', N'Student', N'Active', GETDATE(), N'Huỳnh Ngọc Giang', N'gianghn0055@student.edu.vn', N'0923545020', N'Nữ', '2008-03-18'),
(N'US056', N'sv056', N'123456', N'Student', N'Active', GETDATE(), N'Hoàng Kim Linh', N'linhhk0056@student.edu.vn', N'0887462013', N'Nữ', '2006-07-29'),
(N'US057', N'sv057', N'123456', N'Student', N'Active', GETDATE(), N'Võ Thu Giang', N'giangvt0057@student.edu.vn', N'0585846338', N'Nữ', '2002-02-19'),
(N'US058', N'sv058', N'123456', N'Student', N'Active', GETDATE(), N'Đặng Kim Chi', N'chidk0058@student.edu.vn', N'0811533805', N'Nữ', '2002-03-15'),
(N'US059', N'sv059', N'123456', N'Student', N'Active', GETDATE(), N'Phạm Minh Khang', N'khangpm0059@student.edu.vn', N'0908205772', N'Nam', '2004-03-30'),
(N'US060', N'sv060', N'123456', N'Student', N'Active', GETDATE(), N'Trần Hữu An', N'anth0060@student.edu.vn', N'0997040398', N'Nam', '2003-07-29'),
(N'US061', N'sv061', N'123456', N'Student', N'Active', GETDATE(), N'Phạm Minh Nghĩa', N'nghiapm0061@student.edu.vn', N'0901463750', N'Nam', '2003-04-17'),
(N'US062', N'sv062', N'123456', N'Student', N'Active', GETDATE(), N'Huỳnh Đức Hải', N'haihd0062@student.edu.vn', N'0585294906', N'Nam', '2006-06-13'),
(N'US063', N'sv063', N'123456', N'Student', N'Graduated', GETDATE(), N'Trần Thị Nhi', N'nhitt0063@student.edu.vn', N'0912288633', N'Nữ', '2008-09-12'),
(N'US064', N'sv064', N'123456', N'Student', N'Active', GETDATE(), N'Đỗ Minh Huy', N'huydm0064@student.edu.vn', N'0848475136', N'Nam', '2008-04-29'),
(N'US065', N'sv065', N'123456', N'Student', N'Active', GETDATE(), N'Vũ Thị Linh', N'linhvt0065@student.edu.vn', N'0902585920', N'Nữ', '2008-05-11'),
(N'US066', N'sv066', N'123456', N'Student', N'Active', GETDATE(), N'Bùi Thu Loan', N'loanbt0066@student.edu.vn', N'0586903138', N'Nữ', '2002-07-05'),
(N'US067', N'sv067', N'123456', N'Student', N'Active', GETDATE(), N'Hoàng Diễm Hằng', N'hanghd0067@student.edu.vn', N'0845841236', N'Nữ', '2003-12-14'),
(N'US068', N'sv068', N'123456', N'Student', N'Active', GETDATE(), N'Đỗ Minh Đạt', N'datdm0068@student.edu.vn', N'0907733426', N'Nam', '2002-09-14'),
(N'US069', N'sv069', N'123456', N'Student', N'Active', GETDATE(), N'Võ Thu Hạnh', N'hanhvt0069@student.edu.vn', N'0986377408', N'Nữ', '2004-01-06'),
(N'US070', N'sv070', N'123456', N'Student', N'Active', GETDATE(), N'Võ Thị Chi', N'chivt0070@student.edu.vn', N'0997305974', N'Nữ', '2006-01-25'),
(N'US071', N'sv071', N'123456', N'Student', N'Active', GETDATE(), N'Đặng Minh Phong', N'phongdm0071@student.edu.vn', N'0942326260', N'Nam', '2004-04-20'),
(N'US072', N'sv072', N'123456', N'Student', N'Active', GETDATE(), N'Vũ Quang Đạt', N'datvq0072@student.edu.vn', N'0329497373', N'Nam', '2005-07-24'),
(N'US073', N'sv073', N'123456', N'Student', N'Active', GETDATE(), N'Hoàng Thu Giang', N'gianght0073@student.edu.vn', N'0998700527', N'Nữ', '2004-07-23'),
(N'US074', N'sv074', N'123456', N'Student', N'Active', GETDATE(), N'Trần Thu Huệ', N'huett0074@student.edu.vn', N'0777569791', N'Nữ', '2005-08-01'),
(N'US075', N'sv075', N'123456', N'Student', N'Active', GETDATE(), N'Trần Thu Hương', N'huongtt0075@student.edu.vn', N'0994154713', N'Nữ', '2008-07-08'),
(N'US076', N'sv076', N'123456', N'Student', N'Active', GETDATE(), N'Nguyễn Văn Đông', N'dongnv0076@student.edu.vn', N'0905143224', N'Nam', '2006-02-17'),
(N'US077', N'sv077', N'123456', N'Student', N'Active', GETDATE(), N'Phan Quang Hiếu', N'hieupq0077@student.edu.vn', N'0359438327', N'Nam', '2003-01-20'),
(N'US078', N'sv078', N'123456', N'Student', N'Active', GETDATE(), N'Đỗ Ngọc Hà', N'hadn0078@student.edu.vn', N'0967305850', N'Nữ', '2004-07-23'),
(N'US079', N'sv079', N'123456', N'Student', N'Active', GETDATE(), N'Nguyễn Đức Đạt', N'datnd0079@student.edu.vn', N'0382404601', N'Nam', '2008-08-15'),
(N'US080', N'sv080', N'123456', N'Student', N'Active', GETDATE(), N'Trần Minh Nam', N'namtm0080@student.edu.vn', N'0969803977', N'Nam', '2003-06-09'),
(N'US081', N'sv081', N'123456', N'Student', N'Inactive', GETDATE(), N'Phạm Kim Duyên', N'duyenpk0081@student.edu.vn', N'0848856052', N'Nữ', '2008-12-01'),
(N'US082', N'sv082', N'123456', N'Student', N'Active', GETDATE(), N'Phạm Thu Giang', N'giangpt0082@student.edu.vn', N'0786778937', N'Nữ', '2003-12-01'),
(N'US083', N'sv083', N'123456', N'Student', N'Graduated', GETDATE(), N'Bùi Diễm Hà', N'habd0083@student.edu.vn', N'0973073991', N'Nữ', '2007-06-09'),
(N'US084', N'sv084', N'123456', N'Student', N'Active', GETDATE(), N'Bùi Đức Khang', N'khangbd0084@student.edu.vn', N'0787220455', N'Nam', '2002-12-19'),
(N'US085', N'sv085', N'123456', N'Student', N'Active', GETDATE(), N'Đặng Ngọc Huyền', N'huyendn0085@student.edu.vn', N'0763072320', N'Nữ', '2007-06-10'),
(N'US086', N'sv086', N'123456', N'Student', N'Active', GETDATE(), N'Đỗ Đức Nghĩa', N'nghiadd0086@student.edu.vn', N'0902238128', N'Nam', '2003-12-31'),
(N'US087', N'sv087', N'123456', N'Student', N'Active', GETDATE(), N'Huỳnh Đức Khang', N'khanghd0087@student.edu.vn', N'0911611338', N'Nam', '2007-12-31'),
(N'US088', N'sv088', N'123456', N'Student', N'Active', GETDATE(), N'Võ Hữu Hoàng', N'hoangvh0088@student.edu.vn', N'0321339913', N'Nam', '2003-07-16'),
(N'US089', N'sv089', N'123456', N'Student', N'Active', GETDATE(), N'Phạm Thu Chi', N'chipt0089@student.edu.vn', N'0386980645', N'Nữ', '2004-08-12'),
(N'US090', N'sv090', N'123456', N'Student', N'Active', GETDATE(), N'Phan Thị Mai', N'maipt0090@student.edu.vn', N'0975609706', N'Nữ', '2008-02-11'),
(N'US091', N'sv091', N'123456', N'Student', N'Active', GETDATE(), N'Nguyễn Quang Huy', N'huynq0091@student.edu.vn', N'0969720147', N'Nam', '2005-08-04'),
(N'US092', N'sv092', N'123456', N'Student', N'Active', GETDATE(), N'Nguyễn Đức Phong', N'phongnd0092@student.edu.vn', N'0944824557', N'Nam', '2004-02-05'),
(N'US093', N'sv093', N'123456', N'Student', N'Active', GETDATE(), N'Nguyễn Diễm Dung', N'dungnd0093@student.edu.vn', N'0914640149', N'Nữ', '2006-05-31'),
(N'US094', N'sv094', N'123456', N'Student', N'Active', GETDATE(), N'Hoàng Kim My', N'myhk0094@student.edu.vn', N'0347522446', N'Nữ', '2007-06-14'),
(N'US095', N'sv095', N'123456', N'Student', N'Active', GETDATE(), N'Phạm Thị Hạnh', N'hanhpt0095@student.edu.vn', N'0354730568', N'Nữ', '2008-09-01'),
(N'US096', N'sv096', N'123456', N'Student', N'Active', GETDATE(), N'Huỳnh Thu Chi', N'chiht0096@student.edu.vn', N'0931738530', N'Nữ', '2006-03-07'),
(N'US097', N'sv097', N'123456', N'Student', N'Inactive', GETDATE(), N'Lê Thu Linh', N'linhlt0097@student.edu.vn', N'0834956206', N'Nữ', '2004-08-08'),
(N'US098', N'sv098', N'123456', N'Student', N'Active', GETDATE(), N'Bùi Ngọc Hiền', N'hienbn0098@student.edu.vn', N'0843203325', N'Nữ', '2004-07-28'),
(N'US099', N'sv099', N'123456', N'Student', N'Active', GETDATE(), N'Đặng Đức Phong', N'phongdd0099@student.edu.vn', N'0323735863', N'Nam', '2007-11-09'),
(N'US100', N'sv100', N'123456', N'Student', N'Active', GETDATE(), N'Phạm Quang An', N'anpq0100@student.edu.vn', N'0709257255', N'Nam', '2003-05-25'),
(N'US101', N'sv101', N'123456', N'Student', N'Suspended', GETDATE(), N'Phan Diễm Nga', N'ngapd0101@student.edu.vn', N'0562410345', N'Nữ', '2005-12-14'),
(N'US102', N'sv102', N'123456', N'Student', N'Active', GETDATE(), N'Phạm Minh Huy', N'huypm0102@student.edu.vn', N'0856260944', N'Nam', '2007-11-06'),
(N'US103', N'sv103', N'123456', N'Student', N'Active', GETDATE(), N'Võ Thu Hạnh', N'hanhvt0103@student.edu.vn', N'0389310363', N'Nữ', '2008-11-12'),
(N'US104', N'sv104', N'123456', N'Student', N'Active', GETDATE(), N'Bùi Văn Hào', N'haobv0104@student.edu.vn', N'0838326642', N'Nam', '2007-08-14'),
(N'US105', N'sv105', N'123456', N'Student', N'Active', GETDATE(), N'Phạm Minh Hào', N'haopm0105@student.edu.vn', N'0846020127', N'Nam', '2003-07-14'),
(N'US106', N'sv106', N'123456', N'Student', N'Active', GETDATE(), N'Trần Thị Hoa', N'hoatt0106@student.edu.vn', N'0357015128', N'Nữ', '2004-04-11'),
(N'US107', N'sv107', N'123456', N'Student', N'Active', GETDATE(), N'Hoàng Thị Ngọc', N'ngocht0107@student.edu.vn', N'0884746681', N'Nữ', '2004-01-03'),
(N'US108', N'sv108', N'123456', N'Student', N'Active', GETDATE(), N'Đỗ Minh Hoàng', N'hoangdm0108@student.edu.vn', N'0705064754', N'Nam', '2007-07-01'),
(N'US109', N'sv109', N'123456', N'Student', N'Active', GETDATE(), N'Đặng Diễm Anh', N'anhdd0109@student.edu.vn', N'0995285532', N'Nữ', '2007-06-01'),
(N'US110', N'sv110', N'123456', N'Student', N'Active', GETDATE(), N'Bùi Quang Hào', N'haobq0110@student.edu.vn', N'0981420502', N'Nam', '2008-04-08'),
(N'US111', N'sv111', N'123456', N'Student', N'Active', GETDATE(), N'Phan Thu Nhi', N'nhipt0111@student.edu.vn', N'0975380002', N'Nữ', '2007-12-08'),
(N'US112', N'sv112', N'123456', N'Student', N'Active', GETDATE(), N'Phan Quang Hào', N'haopq0112@student.edu.vn', N'0779832592', N'Nam', '2003-11-24'),
(N'US113', N'sv113', N'123456', N'Student', N'Active', GETDATE(), N'Nguyễn Hữu Huy', N'huynh0113@student.edu.vn', N'0903124645', N'Nam', '2004-12-02'),
(N'US114', N'sv114', N'123456', N'Student', N'Active', GETDATE(), N'Vũ Diễm Nga', N'ngavd0114@student.edu.vn', N'0386640345', N'Nữ', '2005-12-28'),
(N'US115', N'sv115', N'123456', N'Student', N'Active', GETDATE(), N'Đỗ Minh Nghĩa', N'nghiadm0115@student.edu.vn', N'0394631977', N'Nam', '2003-07-29'),
(N'US116', N'sv116', N'123456', N'Student', N'Active', GETDATE(), N'Nguyễn Minh Hoàng', N'hoangnm0116@student.edu.vn', N'0932297067', N'Nam', '2008-06-25'),
(N'US117', N'sv117', N'123456', N'Student', N'Active', GETDATE(), N'Vũ Ngọc Huyền', N'huyenvn0117@student.edu.vn', N'0348728190', N'Nữ', '2007-07-24'),
(N'US118', N'sv118', N'123456', N'Student', N'Active', GETDATE(), N'Đỗ Minh Nhân', N'nhandm0118@student.edu.vn', N'0940482017', N'Nam', '2002-02-27'),
(N'US119', N'sv119', N'123456', N'Student', N'Active', GETDATE(), N'Phan Kim Anh', N'anhpk0119@student.edu.vn', N'0349659677', N'Nữ', '2006-09-30'),
(N'US120', N'sv120', N'123456', N'Student', N'Active', GETDATE(), N'Đặng Đức Khoa', N'khoadd0120@student.edu.vn', N'0944294341', N'Nam', '2003-01-01'),
(N'US121', N'sv121', N'123456', N'Student', N'Active', GETDATE(), N'Hoàng Thị Nhi', N'nhiht0121@student.edu.vn', N'0582265845', N'Nữ', '2006-06-08'),
(N'US122', N'sv122', N'123456', N'Student', N'Active', GETDATE(), N'Phạm Kim Hoa', N'hoapk0122@student.edu.vn', N'0798158801', N'Nữ', '2007-03-27'),
(N'US123', N'sv123', N'123456', N'Student', N'Active', GETDATE(), N'Đặng Kim Dung', N'dungdk0123@student.edu.vn', N'0913375748', N'Nữ', '2006-08-16'),
(N'US124', N'sv124', N'123456', N'Student', N'Active', GETDATE(), N'Lê Quang Hiếu', N'hieulq0124@student.edu.vn', N'0983874395', N'Nam', '2003-05-16'),
(N'US125', N'sv125', N'123456', N'Student', N'Active', GETDATE(), N'Phan Minh Cường', N'cuongpm0125@student.edu.vn', N'0779978634', N'Nam', '2007-08-02'),
(N'US126', N'sv126', N'123456', N'Student', N'Active', GETDATE(), N'Trần Quang Khang', N'khangtq0126@student.edu.vn', N'0382882124', N'Nam', '2005-10-14'),
(N'US127', N'sv127', N'123456', N'Student', N'Active', GETDATE(), N'Trần Minh Huy', N'huytm0127@student.edu.vn', N'0987698438', N'Nam', '2006-11-17'),
(N'US128', N'sv128', N'123456', N'Student', N'Active', GETDATE(), N'Lê Kim Hoa', N'hoalk0128@student.edu.vn', N'0701914913', N'Nữ', '2006-11-20'),
(N'US129', N'sv129', N'123456', N'Student', N'Active', GETDATE(), N'Nguyễn Kim Ngọc', N'ngocnk0129@student.edu.vn', N'0852088836', N'Nữ', '2008-11-06'),
(N'US130', N'sv130', N'123456', N'Student', N'Active', GETDATE(), N'Vũ Quang Kiên', N'kienvq0130@student.edu.vn', N'0936649263', N'Nam', '2008-05-27'),
(N'US131', N'sv131', N'123456', N'Student', N'Active', GETDATE(), N'Huỳnh Ngọc Hương', N'huonghn0131@student.edu.vn', N'0324663467', N'Nữ', '2003-01-11'),
(N'US132', N'sv132', N'123456', N'Student', N'Active', GETDATE(), N'Hoàng Hữu Đạt', N'dathh0132@student.edu.vn', N'0769305455', N'Nam', '2002-06-07'),
(N'US133', N'sv133', N'123456', N'Student', N'Active', GETDATE(), N'Lê Văn Hào', N'haolv0133@student.edu.vn', N'0846804232', N'Nam', '2002-10-25'),
(N'US134', N'sv134', N'123456', N'Student', N'Graduated', GETDATE(), N'Phan Quang Khoa', N'khoapq0134@student.edu.vn', N'0355329259', N'Nam', '2002-01-30'),
(N'US135', N'sv135', N'123456', N'Student', N'Active', GETDATE(), N'Phan Thị Giang', N'giangpt0135@student.edu.vn', N'0849100799', N'Nữ', '2005-06-03'),
(N'US136', N'sv136', N'123456', N'Student', N'Active', GETDATE(), N'Phạm Minh An', N'anpm0136@student.edu.vn', N'0372664702', N'Nam', '2004-10-12'),
(N'US137', N'sv137', N'123456', N'Student', N'Active', GETDATE(), N'Phạm Diễm Hương', N'huongpd0137@student.edu.vn', N'0362967266', N'Nữ', '2007-12-30'),
(N'US138', N'sv138', N'123456', N'Student', N'Active', GETDATE(), N'Võ Ngọc Nga', N'ngavn0138@student.edu.vn', N'0771382115', N'Nữ', '2006-10-22'),
(N'US139', N'sv139', N'123456', N'Student', N'Inactive', GETDATE(), N'Đỗ Thu Linh', N'linhdt0139@student.edu.vn', N'0331658674', N'Nữ', '2004-04-09'),
(N'US140', N'sv140', N'123456', N'Student', N'Active', GETDATE(), N'Đỗ Thị Chi', N'chidt0140@student.edu.vn', N'0346089425', N'Nữ', '2008-02-21'),
(N'US141', N'sv141', N'123456', N'Student', N'Active', GETDATE(), N'Hoàng Ngọc Hà', N'hahn0141@student.edu.vn', N'0847151766', N'Nữ', '2008-07-21'),
(N'US142', N'sv142', N'123456', N'Student', N'Active', GETDATE(), N'Đỗ Hữu Khang', N'khangdh0142@student.edu.vn', N'0917749063', N'Nam', '2005-03-30'),
(N'US143', N'sv143', N'123456', N'Student', N'Active', GETDATE(), N'Trần Kim Duyên', N'duyentk0143@student.edu.vn', N'0910943744', N'Nữ', '2004-08-23'),
(N'US144', N'sv144', N'123456', N'Student', N'Active', GETDATE(), N'Huỳnh Minh Huy', N'huyhm0144@student.edu.vn', N'0888636653', N'Nam', '2004-03-06'),
(N'US145', N'sv145', N'123456', N'Student', N'Active', GETDATE(), N'Võ Minh Nghĩa', N'nghiavm0145@student.edu.vn', N'0775447014', N'Nam', '2003-08-17'),
(N'US146', N'sv146', N'123456', N'Student', N'Active', GETDATE(), N'Hoàng Văn Long', N'longhv0146@student.edu.vn', N'0341775656', N'Nam', '2008-12-21'),
(N'US147', N'sv147', N'123456', N'Student', N'Active', GETDATE(), N'Đặng Đức Cường', N'cuongdd0147@student.edu.vn', N'0398412281', N'Nam', '2007-07-19'),
(N'US148', N'sv148', N'123456', N'Student', N'Active', GETDATE(), N'Bùi Thu Huệ', N'huebt0148@student.edu.vn', N'0385688867', N'Nữ', '2005-10-15'),
(N'US149', N'sv149', N'123456', N'Student', N'Active', GETDATE(), N'Phan Diễm Hằng', N'hangpd0149@student.edu.vn', N'0358219673', N'Nữ', '2007-04-02'),
(N'US150', N'sv150', N'123456', N'Student', N'Active', GETDATE(), N'Nguyễn Đức Nhân', N'nhannd0150@student.edu.vn', N'0813343023', N'Nam', '2004-05-08'),
(N'US151', N'sv151', N'123456', N'Student', N'Active', GETDATE(), N'Đặng Hữu Nhân', N'nhandh0151@student.edu.vn', N'0335969391', N'Nam', '2003-05-21'),
(N'US152', N'sv152', N'123456', N'Student', N'Active', GETDATE(), N'Võ Đức Phong', N'phongvd0152@student.edu.vn', N'0586419403', N'Nam', '2005-10-21'),
(N'US153', N'sv153', N'123456', N'Student', N'Inactive', GETDATE(), N'Đỗ Hữu Huy', N'huydh0153@student.edu.vn', N'0587665057', N'Nam', '2008-12-24'),
(N'US154', N'sv154', N'123456', N'Student', N'Active', GETDATE(), N'Lê Thị Huệ', N'huelt0154@student.edu.vn', N'0944008207', N'Nữ', '2005-04-05'),
(N'US155', N'sv155', N'123456', N'Student', N'Active', GETDATE(), N'Phạm Văn Dũng', N'dungpv0155@student.edu.vn', N'0859657194', N'Nam', '2008-09-02'),
(N'US156', N'sv156', N'123456', N'Student', N'Active', GETDATE(), N'Huỳnh Thu Hằng', N'hanght0156@student.edu.vn', N'0980454202', N'Nữ', '2006-11-17'),
(N'US157', N'sv157', N'123456', N'Student', N'Active', GETDATE(), N'Huỳnh Diễm Ngọc', N'ngochd0157@student.edu.vn', N'0599290482', N'Nữ', '2005-12-07'),
(N'US158', N'sv158', N'123456', N'Student', N'Active', GETDATE(), N'Trần Quang Huy', N'huytq0158@student.edu.vn', N'0799830146', N'Nam', '2003-02-08'),
(N'US159', N'sv159', N'123456', N'Student', N'Active', GETDATE(), N'Lê Thu Duyên', N'duyenlt0159@student.edu.vn', N'0931856774', N'Nữ', '2006-05-03'),
(N'US160', N'sv160', N'123456', N'Student', N'Active', GETDATE(), N'Hoàng Quang Lâm', N'lamhq0160@student.edu.vn', N'0347538530', N'Nam', '2005-09-25'),
(N'US161', N'sv161', N'123456', N'Student', N'Active', GETDATE(), N'Lê Kim My', N'mylk0161@student.edu.vn', N'0377692080', N'Nữ', '2002-02-28'),
(N'US162', N'sv162', N'123456', N'Student', N'Active', GETDATE(), N'Vũ Minh An', N'anvm0162@student.edu.vn', N'0834122402', N'Nam', '2004-09-09'),
(N'US163', N'sv163', N'123456', N'Student', N'Active', GETDATE(), N'Hoàng Văn Minh', N'minhhv0163@student.edu.vn', N'0919373357', N'Nam', '2002-06-21'),
(N'US164', N'sv164', N'123456', N'Student', N'Active', GETDATE(), N'Phan Thị Mai', N'maipt0164@student.edu.vn', N'0770225464', N'Nữ', '2007-01-03'),
(N'US165', N'sv165', N'123456', N'Student', N'Active', GETDATE(), N'Trần Ngọc Hà', N'hatn0165@student.edu.vn', N'0765653925', N'Nữ', '2006-12-15'),
(N'US166', N'sv166', N'123456', N'Student', N'Active', GETDATE(), N'Phan Ngọc Huệ', N'huepn0166@student.edu.vn', N'0998043848', N'Nữ', '2006-05-21'),
(N'US167', N'sv167', N'123456', N'Student', N'Active', GETDATE(), N'Đỗ Đức Hiếu', N'hieudd0167@student.edu.vn', N'0886395528', N'Nam', '2007-01-07'),
(N'US168', N'sv168', N'123456', N'Student', N'Active', GETDATE(), N'Phan Diễm Huyền', N'huyenpd0168@student.edu.vn', N'0329090727', N'Nữ', '2006-06-13'),
(N'US169', N'sv169', N'123456', N'Student', N'Active', GETDATE(), N'Đỗ Hữu Đông', N'dongdh0169@student.edu.vn', N'0926782866', N'Nam', '2005-05-14'),
(N'US170', N'sv170', N'123456', N'Student', N'Active', GETDATE(), N'Lê Ngọc Hiền', N'hienln0170@student.edu.vn', N'0923288805', N'Nữ', '2003-03-11'),
(N'US171', N'sv171', N'123456', N'Student', N'Active', GETDATE(), N'Lê Kim Hạnh', N'hanhlk0171@student.edu.vn', N'0831886546', N'Nữ', '2006-01-25'),
(N'US172', N'sv172', N'123456', N'Student', N'Active', GETDATE(), N'Lê Diễm Loan', N'loanld0172@student.edu.vn', N'0581404347', N'Nữ', '2005-01-19'),
(N'US173', N'sv173', N'123456', N'Student', N'Inactive', GETDATE(), N'Hoàng Diễm Huệ', N'huehd0173@student.edu.vn', N'0982155757', N'Nữ', '2002-06-25'),
(N'US174', N'sv174', N'123456', N'Student', N'Active', GETDATE(), N'Đỗ Hữu Nam', N'namdh0174@student.edu.vn', N'0376573829', N'Nam', '2006-04-28'),
(N'US175', N'sv175', N'123456', N'Student', N'Active', GETDATE(), N'Nguyễn Đức Long', N'longnd0175@student.edu.vn', N'0983979162', N'Nam', '2006-05-30'),
(N'US176', N'sv176', N'123456', N'Student', N'Active', GETDATE(), N'Huỳnh Văn Hào', N'haohv0176@student.edu.vn', N'0345279487', N'Nam', '2003-08-13'),
(N'US177', N'sv177', N'123456', N'Student', N'Active', GETDATE(), N'Huỳnh Ngọc Dung', N'dunghn0177@student.edu.vn', N'0795136499', N'Nữ', '2002-12-23'),
(N'US178', N'sv178', N'123456', N'Student', N'Active', GETDATE(), N'Bùi Văn An', N'anbv0178@student.edu.vn', N'0983805548', N'Nam', '2008-08-01'),
(N'US179', N'sv179', N'123456', N'Student', N'Active', GETDATE(), N'Võ Hữu Phong', N'phongvh0179@student.edu.vn', N'0975902064', N'Nam', '2003-04-07'),
(N'US180', N'sv180', N'123456', N'Student', N'Active', GETDATE(), N'Phạm Hữu Phúc', N'phucph0180@student.edu.vn', N'0821210336', N'Nam', '2002-09-06'),
(N'US181', N'sv181', N'123456', N'Student', N'Active', GETDATE(), N'Đỗ Kim Giang', N'giangdk0181@student.edu.vn', N'0349629317', N'Nữ', '2003-05-20'),
(N'US182', N'sv182', N'123456', N'Student', N'Active', GETDATE(), N'Trần Ngọc Dung', N'dungtn0182@student.edu.vn', N'0329176902', N'Nữ', '2004-12-02'),
(N'US183', N'sv183', N'123456', N'Student', N'Active', GETDATE(), N'Bùi Minh Hiếu', N'hieubm0183@student.edu.vn', N'0836932009', N'Nam', '2004-02-06'),
(N'US184', N'sv184', N'123456', N'Student', N'Active', GETDATE(), N'Đỗ Minh Minh', N'minhdm0184@student.edu.vn', N'0945234981', N'Nam', '2006-04-12'),
(N'US185', N'sv185', N'123456', N'Student', N'Active', GETDATE(), N'Lê Thị Lan', N'lanlt0185@student.edu.vn', N'0762656194', N'Nữ', '2008-10-13'),
(N'US186', N'sv186', N'123456', N'Student', N'Active', GETDATE(), N'Lê Thu Nhung', N'nhunglt0186@student.edu.vn', N'0968876406', N'Nữ', '2003-12-26'),
(N'US187', N'sv187', N'123456', N'Student', N'Active', GETDATE(), N'Trần Văn Phong', N'phongtv0187@student.edu.vn', N'0390247714', N'Nam', '2004-11-30'),
(N'US188', N'sv188', N'123456', N'Student', N'Active', GETDATE(), N'Lê Diễm Hạnh', N'hanhld0188@student.edu.vn', N'0918568190', N'Nữ', '2008-09-30'),
(N'US189', N'sv189', N'123456', N'Student', N'Active', GETDATE(), N'Phan Ngọc Lan', N'lanpn0189@student.edu.vn', N'0763746150', N'Nữ', '2002-12-14'),
(N'US190', N'sv190', N'123456', N'Student', N'Active', GETDATE(), N'Phan Ngọc Nga', N'ngapn0190@student.edu.vn', N'0992586024', N'Nữ', '2002-03-06'),
(N'US191', N'sv191', N'123456', N'Student', N'Active', GETDATE(), N'Đặng Hữu Khoa', N'khoadh0191@student.edu.vn', N'0781761250', N'Nam', '2008-03-11'),
(N'US192', N'sv192', N'123456', N'Student', N'Active', GETDATE(), N'Võ Kim Anh', N'anhvk0192@student.edu.vn', N'0382227978', N'Nữ', '2003-10-07'),
(N'US193', N'sv193', N'123456', N'Student', N'Active', GETDATE(), N'Đặng Kim My', N'mydk0193@student.edu.vn', N'0354799220', N'Nữ', '2002-01-17'),
(N'US194', N'sv194', N'123456', N'Student', N'Active', GETDATE(), N'Đỗ Quang Cường', N'cuongdq0194@student.edu.vn', N'0975161454', N'Nam', '2008-09-19'),
(N'US195', N'sv195', N'123456', N'Student', N'Active', GETDATE(), N'Huỳnh Thu Huyền', N'huyenht0195@student.edu.vn', N'0561353987', N'Nữ', '2007-07-14'),
(N'US196', N'sv196', N'123456', N'Student', N'Active', GETDATE(), N'Lê Ngọc Nhi', N'nhiln0196@student.edu.vn', N'0585274142', N'Nữ', '2003-07-01'),
(N'US197', N'sv197', N'123456', N'Student', N'Active', GETDATE(), N'Nguyễn Quang Khang', N'khangnq0197@student.edu.vn', N'0812696048', N'Nam', '2008-04-28'),
(N'US198', N'sv198', N'123456', N'Student', N'Suspended', GETDATE(), N'Trần Đức Hoàng', N'hoangtd0198@student.edu.vn', N'0703696872', N'Nam', '2006-11-08'),
(N'US199', N'sv199', N'123456', N'Student', N'Active', GETDATE(), N'Hoàng Diễm Mai', N'maihd0199@student.edu.vn', N'0993177571', N'Nữ', '2008-11-08'),
(N'US200', N'sv200', N'123456', N'Student', N'Active', GETDATE(), N'Vũ Hữu Kiên', N'kienvh0200@student.edu.vn', N'0589491433', N'Nam', '2003-06-24'),
GO

INSERT INTO dbo.Students
    (StudentID, UserID, Major, GPA, TuitionOwed)
VALUES
(N'SV001', N'US003', N'Civil Engineering', 3.1, 0),
(N'SV002', N'US004', N'Graphic Design', 2.56, 0),
(N'SV003', N'US005', N'Accounting', 2.48, 11000000),
(N'SV004', N'US006', N'Finance - Banking', 4.0, 0),
(N'SV005', N'US007', N'Civil Engineering', 2.51, 0),
(N'SV006', N'US008', N'Accounting', 1.89, 0),
(N'SV007', N'US009', N'Civil Engineering', 2.78, 0),
(N'SV008', N'US010', N'Information Systems', 2.84, 0),
(N'SV009', N'US011', N'Software Engineering', 2.97, 0),
(N'SV010', N'US012', N'Software Engineering', 3.21, 0),
(N'SV011', N'US013', N'Artificial Intelligence', 2.62, 0),
(N'SV012', N'US014', N'Information Systems', 3.0, 0),
(N'SV013', N'US015', N'Artificial Intelligence', 2.77, 9000000),
(N'SV014', N'US016', N'Marketing', 2.86, 0),
(N'SV015', N'US017', N'Accounting', 2.94, 14500000),
(N'SV016', N'US018', N'Marketing', 3.72, 0),
(N'SV017', N'US019', N'Civil Engineering', 2.59, 13000000),
(N'SV018', N'US020', N'Accounting', 2.46, 0),
(N'SV019', N'US021', N'Artificial Intelligence', 2.54, 9500000),
(N'SV020', N'US022', N'Software Engineering', 3.02, 4000000),
(N'SV021', N'US023', N'Mechanical Engineering', 3.03, 0),
(N'SV022', N'US024', N'Accounting', 2.81, 0),
(N'SV023', N'US025', N'Graphic Design', 2.29, 0),
(N'SV024', N'US026', N'Business Administration', 2.41, 0),
(N'SV025', N'US027', N'Cybersecurity', 3.44, 0),
(N'SV026', N'US028', N'Information Systems', 2.45, 3500000),
(N'SV027', N'US029', N'Graphic Design', 3.56, 0),
(N'SV028', N'US030', N'English Language', 2.53, 13000000),
(N'SV029', N'US031', N'Civil Engineering', 3.02, 0),
(N'SV030', N'US032', N'Business Administration', 1.73, 0),
(N'SV031', N'US033', N'Information Systems', 3.0, 0),
(N'SV032', N'US034', N'Business Administration', 2.97, 0),
(N'SV033', N'US035', N'Software Engineering', 1.84, 0),
(N'SV034', N'US036', N'Information Systems', 3.46, 9000000),
(N'SV035', N'US037', N'Computer Science', 2.79, 0),
(N'SV036', N'US038', N'Civil Engineering', 2.66, 1000000),
(N'SV037', N'US039', N'Civil Engineering', 1.54, 0),
(N'SV038', N'US040', N'Civil Engineering', 3.56, 0),
(N'SV039', N'US041', N'Cybersecurity', 2.52, 1000000),
(N'SV040', N'US042', N'Electrical - Electronic Engineering', 2.7, 0),
(N'SV041', N'US043', N'Cybersecurity', 3.12, 0),
(N'SV042', N'US044', N'Electrical - Electronic Engineering', 2.53, 0),
(N'SV043', N'US045', N'Finance - Banking', 2.38, 0),
(N'SV044', N'US046', N'Cybersecurity', 2.91, 12000000),
(N'SV045', N'US047', N'English Language', 3.55, 0),
(N'SV046', N'US048', N'Software Engineering', 3.06, 2500000),
(N'SV047', N'US049', N'Cybersecurity', 2.8, 0),
(N'SV048', N'US050', N'Information Systems', 2.15, 0),
(N'SV049', N'US051', N'Accounting', 3.33, 7000000),
(N'SV050', N'US052', N'Accounting', 2.29, 0),
(N'SV051', N'US053', N'Accounting', 3.3, 0),
(N'SV052', N'US054', N'Business Administration', 2.94, 0),
(N'SV053', N'US055', N'Cybersecurity', 2.52, 0),
(N'SV054', N'US056', N'Mechanical Engineering', 3.23, 0),
(N'SV055', N'US057', N'Artificial Intelligence', 2.29, 0),
(N'SV056', N'US058', N'Marketing', 3.05, 0),
(N'SV057', N'US059', N'Marketing', 2.72, 0),
(N'SV058', N'US060', N'Software Engineering', 2.85, 0),
(N'SV059', N'US061', N'Cybersecurity', 3.53, 500000),
(N'SV060', N'US062', N'Marketing', 3.33, 0),
(N'SV061', N'US063', N'Cybersecurity', 3.86, 13000000),
(N'SV062', N'US064', N'Computer Science', 2.72, 2500000),
(N'SV063', N'US065', N'Artificial Intelligence', 3.34, 0),
(N'SV064', N'US066', N'Business Administration', 3.28, 0),
(N'SV065', N'US067', N'Finance - Banking', 2.41, 0),
(N'SV066', N'US068', N'Graphic Design', 1.89, 0),
(N'SV067', N'US069', N'Finance - Banking', 3.87, 7000000),
(N'SV068', N'US070', N'Civil Engineering', 2.32, 0),
(N'SV069', N'US071', N'Marketing', 2.34, 2000000),
(N'SV070', N'US072', N'Mechanical Engineering', 2.46, 0),
(N'SV071', N'US073', N'English Language', 2.13, 0),
(N'SV072', N'US074', N'Marketing', 2.6, 0),
(N'SV073', N'US075', N'Civil Engineering', 3.17, 0),
(N'SV074', N'US076', N'Computer Science', 1.92, 0),
(N'SV075', N'US077', N'Computer Science', 2.94, 0),
(N'SV076', N'US078', N'Finance - Banking', 2.6, 0),
(N'SV077', N'US079', N'Accounting', 2.59, 0),
(N'SV078', N'US080', N'Civil Engineering', 2.78, 0),
(N'SV079', N'US081', N'Business Administration', 2.87, 1000000),
(N'SV080', N'US082', N'English Language', 2.97, 0),
(N'SV081', N'US083', N'Civil Engineering', 3.37, 0),
(N'SV082', N'US084', N'Business Administration', 2.61, 0),
(N'SV083', N'US085', N'Business Administration', 3.25, 0),
(N'SV084', N'US086', N'Marketing', 2.23, 7500000),
(N'SV085', N'US087', N'Software Engineering', 2.54, 0),
(N'SV086', N'US088', N'Information Technology', 2.62, 0),
(N'SV087', N'US089', N'Graphic Design', 3.58, 0),
(N'SV088', N'US090', N'Business Administration', 2.44, 0),
(N'SV089', N'US091', N'Finance - Banking', 1.76, 0),
(N'SV090', N'US092', N'Civil Engineering', 2.67, 8000000),
(N'SV091', N'US093', N'Finance - Banking', 2.79, 500000),
(N'SV092', N'US094', N'Graphic Design', 3.4, 0),
(N'SV093', N'US095', N'Information Technology', 2.41, 6500000),
(N'SV094', N'US096', N'Marketing', 3.36, 0),
(N'SV095', N'US097', N'Computer Science', 2.7, 0),
(N'SV096', N'US098', N'Information Technology', 2.56, 0),
(N'SV097', N'US099', N'Business Administration', 2.29, 0),
(N'SV098', N'US100', N'Information Technology', 3.53, 0),
(N'SV099', N'US101', N'Software Engineering', 3.35, 0),
(N'SV100', N'US102', N'English Language', 2.39, 0),
(N'SV101', N'US103', N'Business Administration', 3.34, 0),
(N'SV102', N'US104', N'Cybersecurity', 1.98, 4000000),
(N'SV103', N'US105', N'Software Engineering', 3.23, 0),
(N'SV104', N'US106', N'Mechanical Engineering', 3.1, 0),
(N'SV105', N'US107', N'Graphic Design', 2.59, 0),
(N'SV106', N'US108', N'Business Administration', 2.06, 4000000),
(N'SV107', N'US109', N'Civil Engineering', 2.52, 1500000),
(N'SV108', N'US110', N'Cybersecurity', 2.49, 0),
(N'SV109', N'US111', N'Graphic Design', 3.29, 12500000),
(N'SV110', N'US112', N'Artificial Intelligence', 2.78, 0),
(N'SV111', N'US113', N'Software Engineering', 2.92, 12500000),
(N'SV112', N'US114', N'Computer Science', 2.84, 0),
(N'SV113', N'US115', N'Graphic Design', 2.98, 0),
(N'SV114', N'US116', N'Accounting', 3.22, 500000),
(N'SV115', N'US117', N'Accounting', 2.33, 0),
(N'SV116', N'US118', N'Computer Science', 3.21, 15000000),
(N'SV117', N'US119', N'Finance - Banking', 2.83, 0),
(N'SV118', N'US120', N'Information Technology', 3.24, 0),
(N'SV119', N'US121', N'Information Systems', 3.09, 0),
(N'SV120', N'US122', N'Software Engineering', 3.02, 0),
(N'SV121', N'US123', N'Graphic Design', 2.99, 3500000),
(N'SV122', N'US124', N'Mechanical Engineering', 2.46, 12500000),
(N'SV123', N'US125', N'Artificial Intelligence', 1.93, 0),
(N'SV124', N'US126', N'Cybersecurity', 2.27, 0),
(N'SV125', N'US127', N'Finance - Banking', 3.65, 0),
(N'SV126', N'US128', N'Computer Science', 3.45, 0),
(N'SV127', N'US129', N'Marketing', 2.4, 0),
(N'SV128', N'US130', N'Civil Engineering', 3.12, 0),
(N'SV129', N'US131', N'Civil Engineering', 3.17, 0),
(N'SV130', N'US132', N'Finance - Banking', 2.42, 0),
(N'SV131', N'US133', N'Civil Engineering', 2.63, 0),
(N'SV132', N'US134', N'Computer Science', 2.54, 14000000),
(N'SV133', N'US135', N'Cybersecurity', 2.9, 0),
(N'SV134', N'US136', N'Accounting', 2.11, 0),
(N'SV135', N'US137', N'Civil Engineering', 2.48, 0),
(N'SV136', N'US138', N'Software Engineering', 2.14, 13500000),
(N'SV137', N'US139', N'Cybersecurity', 2.89, 0),
(N'SV138', N'US140', N'Information Systems', 2.51, 0),
(N'SV139', N'US141', N'Cybersecurity', 2.95, 0),
(N'SV140', N'US142', N'Accounting', 2.42, 2500000),
(N'SV141', N'US143', N'Finance - Banking', 3.41, 0),
(N'SV142', N'US144', N'Civil Engineering', 2.32, 11000000),
(N'SV143', N'US145', N'Marketing', 1.38, 0),
(N'SV144', N'US146', N'Finance - Banking', 2.72, 0),
(N'SV145', N'US147', N'Finance - Banking', 3.09, 0),
(N'SV146', N'US148', N'Civil Engineering', 3.11, 14500000),
(N'SV147', N'US149', N'Computer Science', 4.0, 6500000),
(N'SV148', N'US150', N'Marketing', 3.07, 6000000),
(N'SV149', N'US151', N'Software Engineering', 3.05, 0),
(N'SV150', N'US152', N'Electrical - Electronic Engineering', 2.96, 0),
(N'SV151', N'US153', N'Graphic Design', 3.71, 0),
(N'SV152', N'US154', N'Cybersecurity', 3.13, 0),
(N'SV153', N'US155', N'Artificial Intelligence', 3.09, 2500000),
(N'SV154', N'US156', N'Artificial Intelligence', 3.0, 0),
(N'SV155', N'US157', N'Mechanical Engineering', 2.97, 0),
(N'SV156', N'US158', N'Finance - Banking', 3.35, 0),
(N'SV157', N'US159', N'Electrical - Electronic Engineering', 2.85, 0),
(N'SV158', N'US160', N'Software Engineering', 3.44, 3500000),
(N'SV159', N'US161', N'Information Systems', 3.81, 14000000),
(N'SV160', N'US162', N'Business Administration', 2.7, 0),
(N'SV161', N'US163', N'Information Technology', 3.34, 4500000),
(N'SV162', N'US164', N'Civil Engineering', 2.29, 0),
(N'SV163', N'US165', N'Artificial Intelligence', 1.76, 0),
(N'SV164', N'US166', N'Civil Engineering', 3.9, 0),
(N'SV165', N'US167', N'Cybersecurity', 3.17, 0),
(N'SV166', N'US168', N'Electrical - Electronic Engineering', 2.52, 3500000),
(N'SV167', N'US169', N'Electrical - Electronic Engineering', 3.13, 0),
(N'SV168', N'US170', N'Cybersecurity', 3.17, 3000000),
(N'SV169', N'US171', N'Civil Engineering', 3.39, 500000),
(N'SV170', N'US172', N'Mechanical Engineering', 2.81, 0),
(N'SV171', N'US173', N'English Language', 3.45, 2000000),
(N'SV172', N'US174', N'Business Administration', 2.53, 3000000),
(N'SV173', N'US175', N'Mechanical Engineering', 2.89, 0),
(N'SV174', N'US176', N'Information Systems', 1.87, 0),
(N'SV175', N'US177', N'Cybersecurity', 2.43, 0),
(N'SV176', N'US178', N'Electrical - Electronic Engineering', 3.02, 0),
(N'SV177', N'US179', N'Mechanical Engineering', 3.2, 0),
(N'SV178', N'US180', N'Software Engineering', 3.63, 0),
(N'SV179', N'US181', N'Computer Science', 2.36, 0),
(N'SV180', N'US182', N'Civil Engineering', 3.36, 9500000),
(N'SV181', N'US183', N'Artificial Intelligence', 2.9, 5000000),
(N'SV182', N'US184', N'Computer Science', 2.74, 2000000),
(N'SV183', N'US185', N'Artificial Intelligence', 3.4, 3000000),
(N'SV184', N'US186', N'Artificial Intelligence', 2.16, 0),
(N'SV185', N'US187', N'English Language', 2.33, 0),
(N'SV186', N'US188', N'Electrical - Electronic Engineering', 3.3, 1500000),
(N'SV187', N'US189', N'Business Administration', 2.12, 0),
(N'SV188', N'US190', N'Electrical - Electronic Engineering', 2.51, 0),
(N'SV189', N'US191', N'Finance - Banking', 3.52, 0),
(N'SV190', N'US192', N'Business Administration', 2.35, 1000000),
(N'SV191', N'US193', N'Finance - Banking', 4.0, 0),
(N'SV192', N'US194', N'Graphic Design', 2.65, 8500000),
(N'SV193', N'US195', N'Computer Science', 2.55, 8000000),
(N'SV194', N'US196', N'Marketing', 2.78, 5000000),
(N'SV195', N'US197', N'Business Administration', 2.19, 6500000),
(N'SV196', N'US198', N'Graphic Design', 2.78, 0),
(N'SV197', N'US199', N'Information Systems', 2.09, 0),
(N'SV198', N'US200', N'Information Systems', 2.54, 0),
(N'SV199', N'US201', N'Artificial Intelligence', 2.86, 0),
(N'SV200', N'US202', N'Marketing', 2.94, 0),
(N'SV201', N'US203', N'Mechanical Engineering', 3.42, 0),
(N'SV202', N'US204', N'Business Administration', 1.59, 0),
(N'SV203', N'US205', N'Information Technology', 2.12, 0),
(N'SV204', N'US206', N'Cybersecurity', 3.31, 0),
(N'SV205', N'US207', N'Artificial Intelligence', 2.75, 0),
(N'SV206', N'US208', N'Information Systems', 2.35, 10500000),
(N'SV207', N'US209', N'Graphic Design', 3.1, 0),
(N'SV208', N'US210', N'Marketing', 2.97, 0),
(N'SV209', N'US211', N'Graphic Design', 1.71, 0),
(N'SV210', N'US212', N'Computer Science', 2.56, 0),
(N'SV211', N'US213', N'Business Administration', 1.78, 0),
(N'SV212', N'US214', N'Computer Science', 4.0, 0),
(N'SV213', N'US215', N'Mechanical Engineering', 1.79, 0),
(N'SV214', N'US216', N'Computer Science', 3.35, 0),
(N'SV215', N'US217', N'English Language', 3.08, 4500000),
(N'SV216', N'US218', N'Cybersecurity', 2.82, 0),
(N'SV217', N'US219', N'Marketing', 3.55, 0),
(N'SV218', N'US220', N'Marketing', 2.15, 0),
(N'SV219', N'US221', N'Accounting', 2.98, 11000000),
(N'SV220', N'US222', N'Civil Engineering', 2.62, 12000000),
(N'SV221', N'US223', N'Marketing', 3.05, 0),
(N'SV222', N'US224', N'Cybersecurity', 2.51, 0),
(N'SV223', N'US225', N'English Language', 2.19, 0),
(N'SV224', N'US226', N'Electrical - Electronic Engineering', 3.23, 0),
(N'SV225', N'US227', N'Accounting', 3.57, 0),
(N'SV226', N'US228', N'Civil Engineering', 3.27, 0),
(N'SV227', N'US229', N'Mechanical Engineering', 2.75, 7000000),
(N'SV228', N'US230', N'Graphic Design', 3.18, 1000000),
(N'SV229', N'US231', N'English Language', 3.1, 10500000),
(N'SV230', N'US232', N'Information Technology', 2.62, 11500000),
(N'SV231', N'US233', N'Artificial Intelligence', 2.58, 0),
(N'SV232', N'US234', N'Cybersecurity', 3.35, 0),
(N'SV233', N'US235', N'Marketing', 3.82, 0),
(N'SV234', N'US236', N'Information Technology', 2.26, 0),
(N'SV235', N'US237', N'Marketing', 3.24, 0),
(N'SV236', N'US238', N'Software Engineering', 2.4, 3500000),
(N'SV237', N'US239', N'Information Systems', 3.78, 0),
(N'SV238', N'US240', N'Software Engineering', 2.59, 0),
(N'SV239', N'US241', N'Civil Engineering', 3.04, 0),
(N'SV240', N'US242', N'Finance - Banking', 2.92, 0),
(N'SV241', N'US243', N'Information Systems', 2.4, 0),
(N'SV242', N'US244', N'Marketing', 3.0, 0),
(N'SV243', N'US245', N'Information Technology', 3.21, 2500000),
(N'SV244', N'US246', N'Electrical - Electronic Engineering', 2.54, 0),
(N'SV245', N'US247', N'Cybersecurity', 2.76, 7000000),
(N'SV246', N'US248', N'Accounting', 2.8, 13500000),
(N'SV247', N'US249', N'Graphic Design', 3.17, 0),
(N'SV248', N'US250', N'Information Systems', 2.44, 0),
(N'SV249', N'US251', N'English Language', 2.92, 8500000),
(N'SV250', N'US252', N'Business Administration', 3.37, 0),
(N'SV251', N'US253', N'Information Systems', 3.39, 0),
(N'SV252', N'US254', N'Cybersecurity', 2.39, 0),
(N'SV253', N'US255', N'Finance - Banking', 3.14, 0),
(N'SV254', N'US256', N'Information Systems', 2.1, 0),
(N'SV255', N'US257', N'Accounting', 2.92, 0),
(N'SV256', N'US258', N'Marketing', 3.84, 0),
(N'SV257', N'US259', N'Marketing', 3.06, 3500000),
(N'SV258', N'US260', N'Business Administration', 2.88, 10000000),
(N'SV259', N'US261', N'Artificial Intelligence', 3.03, 0),
(N'SV260', N'US262', N'Finance - Banking', 2.64, 0),
(N'SV261', N'US263', N'Electrical - Electronic Engineering', 1.63, 3500000),
(N'SV262', N'US264', N'Accounting', 2.46, 5000000),
(N'SV263', N'US265', N'Software Engineering', 2.49, 1000000),
(N'SV264', N'US266', N'Cybersecurity', 2.35, 6500000),
(N'SV265', N'US267', N'Business Administration', 3.31, 11000000),
(N'SV266', N'US268', N'Graphic Design', 3.22, 0),
(N'SV267', N'US269', N'Information Technology', 2.5, 0),
(N'SV268', N'US270', N'Artificial Intelligence', 2.32, 0),
(N'SV269', N'US271', N'Software Engineering', 2.83, 0),
(N'SV270', N'US272', N'Information Systems', 2.29, 0),
(N'SV271', N'US273', N'Business Administration', 3.29, 0),
(N'SV272', N'US274', N'Marketing', 2.99, 13500000),
(N'SV273', N'US275', N'Information Technology', 2.21, 2000000),
(N'SV274', N'US276', N'Mechanical Engineering', 3.66, 1500000),
(N'SV275', N'US277', N'Finance - Banking', 2.48, 6000000),
(N'SV276', N'US278', N'Electrical - Electronic Engineering', 3.37, 0),
(N'SV277', N'US279', N'Accounting', 3.04, 0),
(N'SV278', N'US280', N'Civil Engineering', 3.41, 0),
(N'SV279', N'US281', N'Computer Science', 2.96, 0),
(N'SV280', N'US282', N'Accounting', 3.32, 4000000),
(N'SV281', N'US283', N'Marketing', 2.78, 0),
(N'SV282', N'US284', N'Mechanical Engineering', 1.55, 6500000),
(N'SV283', N'US285', N'Graphic Design', 3.34, 0),
(N'SV284', N'US286', N'English Language', 1.61, 1000000),
(N'SV285', N'US287', N'Marketing', 2.64, 6500000),
(N'SV286', N'US288', N'Mechanical Engineering', 3.29, 8000000),
(N'SV287', N'US289', N'Software Engineering', 3.05, 0),
(N'SV288', N'US290', N'Software Engineering', 2.37, 0),
(N'SV289', N'US291', N'Software Engineering', 3.3, 0),
(N'SV290', N'US292', N'Computer Science', 2.07, 0),
(N'SV291', N'US293', N'English Language', 3.53, 0),
(N'SV292', N'US294', N'Information Technology', 3.16, 0),
(N'SV293', N'US295', N'Artificial Intelligence', 1.81, 0),
(N'SV294', N'US296', N'Civil Engineering', 2.81, 0),
(N'SV295', N'US297', N'Cybersecurity', 2.68, 0),
(N'SV296', N'US298', N'Artificial Intelligence', 2.48, 0),
(N'SV297', N'US299', N'Civil Engineering', 2.4, 0),
(N'SV298', N'US300', N'Cybersecurity', 3.68, 0),
(N'SV299', N'US301', N'Civil Engineering', 2.72, 2500000),
(N'SV300', N'US302', N'Finance - Banking', 2.91, 13000000),
(N'SV301', N'US303', N'Software Engineering', 3.48, 0),
(N'SV302', N'US304', N'Software Engineering', 3.25, 0),
(N'SV303', N'US305', N'Artificial Intelligence', 3.82, 0),
(N'SV304', N'US306', N'English Language', 3.03, 0),
(N'SV305', N'US307', N'Software Engineering', 4.0, 0),
(N'SV306', N'US308', N'Software Engineering', 2.83, 0),
(N'SV307', N'US309', N'Information Technology', 3.68, 0),
(N'SV308', N'US310', N'English Language', 2.42, 0),
(N'SV309', N'US311', N'Information Technology', 3.1, 0),
(N'SV310', N'US312', N'Civil Engineering', 3.59, 0),
(N'SV311', N'US313', N'Cybersecurity', 3.07, 0),
(N'SV312', N'US314', N'Graphic Design', 2.28, 6500000),
(N'SV313', N'US315', N'Civil Engineering', 3.26, 7500000),
(N'SV314', N'US316', N'Cybersecurity', 2.75, 14500000),
(N'SV315', N'US317', N'Information Systems', 2.95, 3500000),
(N'SV316', N'US318', N'Software Engineering', 3.28, 0),
(N'SV317', N'US319', N'Graphic Design', 3.13, 0),
(N'SV318', N'US320', N'Electrical - Electronic Engineering', 2.98, 10500000),
(N'SV319', N'US321', N'Finance - Banking', 3.15, 0),
(N'SV320', N'US322', N'Civil Engineering', 2.34, 0),
(N'SV321', N'US323', N'Graphic Design', 2.38, 0),
(N'SV322', N'US324', N'Computer Science', 1.81, 0),
(N'SV323', N'US325', N'Information Systems', 2.26, 0),
(N'SV324', N'US326', N'Accounting', 1.63, 0),
(N'SV325', N'US327', N'Cybersecurity', 2.51, 7500000),
(N'SV326', N'US328', N'Artificial Intelligence', 2.79, 0),
(N'SV327', N'US329', N'Marketing', 2.36, 12000000),
(N'SV328', N'US330', N'Information Systems', 1.65, 5000000),
(N'SV329', N'US331', N'Accounting', 3.23, 0),
(N'SV330', N'US332', N'Information Systems', 2.0, 1500000),
(N'SV331', N'US333', N'Electrical - Electronic Engineering', 2.54, 5000000),
(N'SV332', N'US334', N'English Language', 2.65, 11500000),
(N'SV333', N'US335', N'Artificial Intelligence', 2.72, 0),
(N'SV334', N'US336', N'Business Administration', 2.47, 1500000),
(N'SV335', N'US337', N'Information Systems', 3.88, 14500000),
(N'SV336', N'US338', N'Information Systems', 2.59, 0),
(N'SV337', N'US339', N'Graphic Design', 2.45, 9000000),
(N'SV338', N'US340', N'Accounting', 3.11, 14000000),
(N'SV339', N'US341', N'Cybersecurity', 2.6, 11000000),
(N'SV340', N'US342', N'Cybersecurity', 2.72, 0),
(N'SV341', N'US343', N'Finance - Banking', 2.75, 13000000),
(N'SV342', N'US344', N'Cybersecurity', 2.76, 0),
(N'SV343', N'US345', N'Artificial Intelligence', 2.26, 0),
(N'SV344', N'US346', N'Cybersecurity', 2.7, 0),
(N'SV345', N'US347', N'Civil Engineering', 3.37, 11500000),
(N'SV346', N'US348', N'Cybersecurity', 2.47, 8500000),
(N'SV347', N'US349', N'Civil Engineering', 2.46, 0),
(N'SV348', N'US350', N'Marketing', 2.52, 0),
(N'SV349', N'US351', N'Artificial Intelligence', 2.39, 1500000),
(N'SV350', N'US352', N'Finance - Banking', 4.0, 2500000),
(N'SV351', N'US353', N'Artificial Intelligence', 2.87, 0),
(N'SV352', N'US354', N'Finance - Banking', 2.98, 0),
(N'SV353', N'US355', N'Computer Science', 3.48, 0),
(N'SV354', N'US356', N'Civil Engineering', 3.12, 8000000),
(N'SV355', N'US357', N'Information Technology', 2.47, 2500000),
(N'SV356', N'US358', N'Electrical - Electronic Engineering', 2.71, 0),
(N'SV357', N'US359', N'Accounting', 2.07, 0),
(N'SV358', N'US360', N'Graphic Design', 3.22, 0),
(N'SV359', N'US361', N'English Language', 3.23, 0),
(N'SV360', N'US362', N'Cybersecurity', 2.31, 0),
(N'SV361', N'US363', N'Civil Engineering', 1.79, 13500000),
(N'SV362', N'US364', N'Software Engineering', 3.23, 0),
(N'SV363', N'US365', N'Graphic Design', 2.2, 0),
(N'SV364', N'US366', N'Computer Science', 2.91, 9500000),
(N'SV365', N'US367', N'Accounting', 3.56, 0),
(N'SV366', N'US368', N'Finance - Banking', 3.36, 0),
(N'SV367', N'US369', N'Business Administration', 1.79, 0),
(N'SV368', N'US370', N'Artificial Intelligence', 2.95, 9500000),
(N'SV369', N'US371', N'Mechanical Engineering', 2.19, 2000000),
(N'SV370', N'US372', N'Information Technology', 2.91, 0),
(N'SV371', N'US373', N'Information Technology', 2.86, 0),
(N'SV372', N'US374', N'Cybersecurity', 2.54, 0),
(N'SV373', N'US375', N'Civil Engineering', 2.67, 0),
(N'SV374', N'US376', N'Information Systems', 3.28, 0),
(N'SV375', N'US377', N'Information Systems', 2.1, 500000),
(N'SV376', N'US378', N'Cybersecurity', 2.6, 0),
(N'SV377', N'US379', N'Artificial Intelligence', 3.33, 0),
(N'SV378', N'US380', N'Computer Science', 2.89, 0),
(N'SV379', N'US381', N'Computer Science', 2.76, 7500000),
(N'SV380', N'US382', N'Accounting', 2.52, 8000000),
(N'SV381', N'US383', N'Software Engineering', 3.39, 7000000),
(N'SV382', N'US384', N'English Language', 2.56, 0),
(N'SV383', N'US385', N'Information Technology', 2.59, 7000000),
(N'SV384', N'US386', N'Information Technology', 2.61, 0),
(N'SV385', N'US387', N'Cybersecurity', 1.56, 2500000),
(N'SV386', N'US388', N'English Language', 2.49, 0),
(N'SV387', N'US389', N'Accounting', 3.59, 10500000),
(N'SV388', N'US390', N'Civil Engineering', 2.6, 0),
(N'SV389', N'US391', N'Mechanical Engineering', 2.14, 0),
(N'SV390', N'US392', N'Software Engineering', 2.66, 9000000),
(N'SV391', N'US393', N'Cybersecurity', 3.75, 0),
(N'SV392', N'US394', N'Information Technology', 2.37, 0),
(N'SV393', N'US395', N'Artificial Intelligence', 2.46, 14000000),
(N'SV394', N'US396', N'Civil Engineering', 3.69, 5500000),
(N'SV395', N'US397', N'Computer Science', 3.08, 0),
(N'SV396', N'US398', N'Cybersecurity', 3.26, 0),
(N'SV397', N'US399', N'Artificial Intelligence', 2.71, 0),
(N'SV398', N'US400', N'English Language', 3.69, 0),
(N'SV399', N'US401', N'Cybersecurity', 1.91, 0),
(N'SV400', N'US402', N'Finance - Banking', 3.16, 0),
(N'SV401', N'US403', N'Accounting', 2.0, 0),
(N'SV402', N'US404', N'Artificial Intelligence', 3.51, 0),
(N'SV403', N'US405', N'Cybersecurity', 3.45, 0),
(N'SV404', N'US406', N'Computer Science', 2.85, 0),
(N'SV405', N'US407', N'Graphic Design', 3.42, 0),
(N'SV406', N'US408', N'Cybersecurity', 3.13, 0),
(N'SV407', N'US409', N'Mechanical Engineering', 2.7, 0),
(N'SV408', N'US410', N'Finance - Banking', 3.19, 6500000),
(N'SV409', N'US411', N'Software Engineering', 3.08, 0),
(N'SV410', N'US412', N'Finance - Banking', 2.3, 0),
(N'SV411', N'US413', N'English Language', 3.3, 0),
(N'SV412', N'US414', N'Civil Engineering', 1.64, 0),
(N'SV413', N'US415', N'Software Engineering', 3.53, 9500000),
(N'SV414', N'US416', N'Computer Science', 2.22, 0),
(N'SV415', N'US417', N'Information Systems', 2.46, 0),
(N'SV416', N'US418', N'Graphic Design', 3.25, 0),
(N'SV417', N'US419', N'Graphic Design', 2.53, 15000000),
(N'SV418', N'US420', N'Artificial Intelligence', 3.4, 0),
(N'SV419', N'US421', N'English Language', 1.98, 0),
(N'SV420', N'US422', N'Marketing', 2.03, 0),
(N'SV421', N'US423', N'Business Administration', 2.09, 15000000),
(N'SV422', N'US424', N'Information Technology', 2.58, 9500000),
(N'SV423', N'US425', N'Artificial Intelligence', 3.29, 0),
(N'SV424', N'US426', N'Information Technology', 3.3, 11000000),
(N'SV425', N'US427', N'Marketing', 2.76, 0),
(N'SV426', N'US428', N'Marketing', 1.66, 0),
(N'SV427', N'US429', N'Accounting', 3.29, 4500000),
(N'SV428', N'US430', N'English Language', 3.21, 14000000),
(N'SV429', N'US431', N'Business Administration', 3.02, 0),
(N'SV430', N'US432', N'Computer Science', 1.86, 0),
(N'SV431', N'US433', N'Marketing', 2.76, 0),
(N'SV432', N'US434', N'Mechanical Engineering', 1.86, 0),
(N'SV433', N'US435', N'Accounting', 1.54, 0),
(N'SV434', N'US436', N'Civil Engineering', 2.03, 0),
(N'SV435', N'US437', N'Civil Engineering', 2.93, 0),
(N'SV436', N'US438', N'Electrical - Electronic Engineering', 3.03, 0),
(N'SV437', N'US439', N'Graphic Design', 2.39, 6000000),
(N'SV438', N'US440', N'Artificial Intelligence', 3.98, 0),
(N'SV439', N'US441', N'Accounting', 3.23, 0),
(N'SV440', N'US442', N'Software Engineering', 2.66, 0),
(N'SV441', N'US443', N'Software Engineering', 3.09, 0),
(N'SV442', N'US444', N'English Language', 3.07, 11000000),
(N'SV443', N'US445', N'Accounting', 2.83, 3500000),
(N'SV444', N'US446', N'Electrical - Electronic Engineering', 2.81, 0),
(N'SV445', N'US447', N'Marketing', 3.07, 0),
(N'SV446', N'US448', N'Civil Engineering', 2.51, 4000000),
(N'SV447', N'US449', N'Finance - Banking', 3.1, 0),
(N'SV448', N'US450', N'Graphic Design', 3.1, 500000),
(N'SV449', N'US451', N'Information Technology', 2.39, 0),
(N'SV450', N'US452', N'Information Systems', 3.1, 6000000),
(N'SV451', N'US453', N'Business Administration', 3.35, 0),
(N'SV452', N'US454', N'Accounting', 3.3, 0),
(N'SV453', N'US455', N'Accounting', 1.88, 0),
(N'SV454', N'US456', N'Finance - Banking', 2.13, 0),
(N'SV455', N'US457', N'Graphic Design', 3.19, 13000000),
(N'SV456', N'US458', N'Information Technology', 2.72, 0),
(N'SV457', N'US459', N'Graphic Design', 2.07, 5500000),
(N'SV458', N'US460', N'Information Technology', 2.52, 8000000),
(N'SV459', N'US461', N'Information Technology', 2.91, 0),
(N'SV460', N'US462', N'Accounting', 2.99, 14000000),
(N'SV461', N'US463', N'Information Technology', 3.24, 0),
(N'SV462', N'US464', N'Graphic Design', 2.68, 9500000),
(N'SV463', N'US465', N'Civil Engineering', 3.2, 0),
(N'SV464', N'US466', N'Information Systems', 2.95, 11000000),
(N'SV465', N'US467', N'English Language', 2.84, 0),
(N'SV466', N'US468', N'Graphic Design', 2.29, 0),
(N'SV467', N'US469', N'Finance - Banking', 3.59, 0),
(N'SV468', N'US470', N'Information Technology', 2.76, 0),
(N'SV469', N'US471', N'Information Technology', 2.28, 0),
(N'SV470', N'US472', N'Information Technology', 2.71, 0),
(N'SV471', N'US473', N'Artificial Intelligence', 2.91, 0),
(N'SV472', N'US474', N'Mechanical Engineering', 3.23, 0),
(N'SV473', N'US475', N'English Language', 2.46, 8500000),
(N'SV474', N'US476', N'Artificial Intelligence', 3.38, 0),
(N'SV475', N'US477', N'Accounting', 2.88, 0),
(N'SV476', N'US478', N'Information Systems', 1.78, 0),
(N'SV477', N'US479', N'Electrical - Electronic Engineering', 2.91, 0),
(N'SV478', N'US480', N'Accounting', 2.89, 0),
(N'SV479', N'US481', N'English Language', 2.37, 0),
(N'SV480', N'US482', N'Graphic Design', 2.56, 0),
(N'SV481', N'US483', N'English Language', 3.5, 0),
(N'SV482', N'US484', N'Business Administration', 2.71, 0),
(N'SV483', N'US485', N'Finance - Banking', 2.77, 0),
(N'SV484', N'US486', N'Finance - Banking', 3.27, 0),
(N'SV485', N'US487', N'Cybersecurity', 3.24, 0),
(N'SV486', N'US488', N'Accounting', 2.27, 0),
(N'SV487', N'US489', N'English Language', 3.11, 0),
(N'SV488', N'US490', N'Cybersecurity', 3.38, 14000000),
(N'SV489', N'US491', N'Information Technology', 2.69, 0),
(N'SV490', N'US492', N'Civil Engineering', 3.19, 11000000),
(N'SV491', N'US493', N'Cybersecurity', 2.11, 0),
(N'SV492', N'US494', N'Civil Engineering', 3.29, 9500000),
(N'SV493', N'US495', N'Marketing', 3.5, 5000000),
(N'SV494', N'US496', N'Accounting', 2.66, 0),
(N'SV495', N'US497', N'Marketing', 2.91, 0),
(N'SV496', N'US498', N'Computer Science', 2.49, 0),
(N'SV497', N'US499', N'Artificial Intelligence', 2.4, 0),
(N'SV498', N'US500', N'Artificial Intelligence', 2.33, 8000000),
(N'SV499', N'US501', N'English Language', 1.98, 4500000),
(N'SV500', N'US502', N'Electrical - Electronic Engineering', 2.88, 0);
GO

/*=========================================================
    ENROLLMENTS
=========================================================*/

INSERT INTO Enrollments
(ClassID, StudentID, EnrollmentDate, Status)
VALUES
('CLS001','SV001','2026-01-05','Enrolled'),
('CLS001','SV002','2026-01-05','Enrolled'),
('CLS001','SV003','2026-01-06','Enrolled'),
('CLS001','SV004','2026-01-06','Enrolled'),
('CLS001','SV005','2026-01-07','Enrolled'),
('CLS001','SV006','2026-01-07','Enrolled'),
('CLS001','SV007','2026-01-08','Enrolled'),
('CLS001','SV008','2026-01-08','Enrolled'),
('CLS002','SV009','2026-01-09','Enrolled'),
('CLS002','SV010','2026-01-09','Enrolled'),
('CLS002','SV011','2026-01-10','Enrolled'),
('CLS002','SV012','2026-01-10','Enrolled'),
('CLS002','SV013','2026-01-11','Enrolled'),
('CLS003','SV014','2026-01-11','Enrolled'),
('CLS003','SV015','2026-01-12','Enrolled'),
('CLS003','SV016','2026-01-12','Enrolled'),
('CLS003','SV017','2026-01-13','Enrolled'),
('CLS004','SV018','2026-01-13','Enrolled'),
('CLS004','SV019','2026-01-14','Enrolled'),
('CLS004','SV020','2026-01-14','Enrolled');
GO

/*=========================================================
    ATTENDANCE
=========================================================*/

INSERT INTO Attendance
(EnrollmentID, AttendanceDate, Status)
VALUES
(1,'2026-01-06','Present'),
(2,'2026-01-06','Late'),
(3,'2026-01-07','Present'),
(4,'2026-01-07','Absent'),
(5,'2026-01-08','Present'),
(6,'2026-01-08','Present'),
(7,'2026-01-09','Late'),
(8,'2026-01-09','Present'),
(9,'2026-01-10','Present'),
(10,'2026-01-10','Absent'),
(11,'2026-01-11','Present'),
(12,'2026-01-11','Present'),
(13,'2026-01-12','Late'),
(14,'2026-01-12','Present'),
(15,'2026-01-13','Present'),
(16,'2026-01-13','Present'),
(17,'2026-01-14','Absent'),
(18,'2026-01-14','Present'),
(19,'2026-01-15','Late'),
(20,'2026-01-15','Present');

/*=========================================================
    SCORES
=========================================================*/

INSERT INTO Scores
(EnrollmentID,AssessmentType,Score)
VALUES

(1,'Midterm',7.5),
(1,'Final',8.0),
(1,'Assignment',9.0),

(2,'Midterm',6.5),
(2,'Final',7.0),
(2,'Assignment',8.5),

(3,'Midterm',8.0),
(3,'Final',8.5),
(3,'Assignment',9.0),

(4,'Midterm',5.5),
(4,'Final',6.5),
(4,'Assignment',7.5),

(5,'Midterm',9.0),
(5,'Final',9.5),
(5,'Assignment',10.0),

(6,'Midterm',7.0),
(6,'Final',7.5),
(6,'Assignment',8.0),

(7,'Midterm',8.5),
(7,'Final',8.0),
(7,'Assignment',9.5),

(8,'Midterm',6.0),
(8,'Final',7.0),
(8,'Assignment',7.5),

(9,'Midterm',8.0),
(9,'Final',8.5),
(9,'Assignment',9.0),

(10,'Midterm',7.5),
(10,'Final',8.0),
(10,'Assignment',8.5),

(11,'Midterm',6.5),
(11,'Final',7.5),
(11,'Assignment',8.0),

(12,'Midterm',8.5),
(12,'Final',9.0),
(12,'Assignment',9.5),

(13,'Midterm',7.0),
(13,'Final',7.5),
(13,'Assignment',8.0),

(14,'Midterm',6.0),
(14,'Final',6.5),
(14,'Assignment',7.0),

(15,'Midterm',9.0),
(15,'Final',9.5),
(15,'Assignment',10.0),

(16,'Midterm',7.5),
(16,'Final',8.0),
(16,'Assignment',8.5),

(17,'Midterm',8.0),
(17,'Final',8.5),
(17,'Assignment',9.0),

(18,'Midterm',6.5),
(18,'Final',7.5),
(18,'Assignment',8.0),

(19,'Midterm',7.0),
(19,'Final',8.0),
(19,'Assignment',8.5),

(20,'Midterm',9.0),
(20,'Final',9.5),
(20,'Assignment',10.0);

------------------------------------------------------------
-- TUITION
------------------------------------------------------------

INSERT INTO Tuition
(StudentID, Semester, Amount, PaidAmount, DueDate, PaymentStatus)
VALUES
('SV001','2026A',5500000,5500000,'2026-03-15','Paid'),
('SV002','2026A',5500000,3000000,'2026-03-15','Partial'),
('SV003','2026A',5500000,0,'2026-03-15','Unpaid'),
('SV004','2026A',5500000,5500000,'2026-03-15','Paid'),
('SV005','2026A',5500000,0,'2026-03-15','Unpaid'),
('SV006','2026A',5500000,5500000,'2026-03-15','Paid'),
('SV007','2026A',5500000,2500000,'2026-03-15','Partial'),
('SV008','2026A',5500000,5500000,'2026-03-15','Paid'),
('SV009','2026A',5500000,0,'2026-03-15','Unpaid'),
('SV010','2026A',5500000,5500000,'2026-03-15','Paid');

