USE StudentManagement;
GO

INSERT INTO dbo.Users
    (UserID, Username, [Password], Role, Status, CreatedAt, FullName, Email, Phone, Gender, DOB)
VALUES
(N'US001', N'SV001', N'123456', N'Student', N'Active', GETDATE(), N'Đặng Minh Phúc', N'phucdm0001@student.edu.vn', N'0376647378', N'Nam', '2005-07-14'),
(N'US002', N'SV002', N'123456', N'Student', N'Active', GETDATE(), N'Huỳnh Văn Cường', N'cuonghv0002@student.edu.vn', N'0378830059', N'Nam', '2003-11-03'),
(N'US003', N'SV003', N'123456', N'Student', N'Active', GETDATE(), N'Hoàng Diễm Ngọc', N'ngochd0003@student.edu.vn', N'0811233066', N'Nữ', '2003-04-28'),
(N'US004', N'SV004', N'123456', N'Student', N'Active', GETDATE(), N'Đỗ Văn Nghĩa', N'nghiadv0004@student.edu.vn', N'0907058715', N'Nam', '2003-03-10'),
(N'US005', N'SV005', N'123456', N'Student', N'Active', GETDATE(), N'Nguyễn Thị Hà', N'hant0005@student.edu.vn', N'0322110728', N'Nữ', '2008-02-14'),
(N'US006', N'SV006', N'123456', N'Student', N'Inactive', GETDATE(), N'Huỳnh Thu Hoa', N'hoaht0006@student.edu.vn', N'0945672207', N'Nữ', '2004-07-15'),
(N'US007', N'SV007', N'123456', N'Student', N'Active', GETDATE(), N'Đỗ Ngọc Hạnh', N'hanhdn0007@student.edu.vn', N'0993133911', N'Nữ', '2006-12-17'),
(N'US008', N'SV008', N'123456', N'Student', N'Active', GETDATE(), N'Võ Đức Hoàng', N'hoangvd0008@student.edu.vn', N'0857863528', N'Nam', '2007-10-03'),
(N'US009', N'SV009', N'123456', N'Student', N'Active', GETDATE(), N'Đỗ Hữu An', N'andh0009@student.edu.vn', N'0814578657', N'Nam', '2002-11-16'),
(N'US010', N'SV010', N'123456', N'Student', N'Active', GETDATE(), N'Võ Ngọc Hà', N'havn0010@student.edu.vn', N'0794012707', N'Nữ', '2005-04-13'),
(N'US011', N'SV011', N'123456', N'Student', N'Active', GETDATE(), N'Huỳnh Minh Đông', N'donghm0011@student.edu.vn', N'0348983995', N'Nam', '2005-11-10'),
(N'US012', N'SV012', N'123456', N'Student', N'Active', GETDATE(), N'Vũ Minh Nhân', N'nhanvm0012@student.edu.vn', N'0859122555', N'Nam', '2006-04-21'),
(N'US013', N'SV013', N'123456', N'Student', N'Active', GETDATE(), N'Hoàng Quang Long', N'longhq0013@student.edu.vn', N'0969431212', N'Nam', '2008-07-10'),
(N'US014', N'SV014', N'123456', N'Student', N'Active', GETDATE(), N'Huỳnh Quang Nghĩa', N'nghiahq0014@student.edu.vn', N'0966520836', N'Nam', '2008-07-17'),
(N'US015', N'SV015', N'123456', N'Student', N'Active', GETDATE(), N'Lê Diễm Huyền', N'huyenld0015@student.edu.vn', N'0582905786', N'Nữ', '2008-12-15'),
(N'US016', N'SV016', N'123456', N'Student', N'Active', GETDATE(), N'Bùi Minh An', N'anbm0016@student.edu.vn', N'0923328176', N'Nam', '2003-03-19'),
(N'US017', N'SV017', N'123456', N'Student', N'Active', GETDATE(), N'Võ Diễm Linh', N'linhvd0017@student.edu.vn', N'0967040440', N'Nữ', '2005-12-05'),
(N'US018', N'SV018', N'123456', N'Student', N'Active', GETDATE(), N'Đỗ Thị Linh', N'linhdt0018@student.edu.vn', N'0813261522', N'Nữ', '2003-10-18'),
(N'US019', N'SV019', N'123456', N'Student', N'Active', GETDATE(), N'Huỳnh Thu Linh', N'linhht0019@student.edu.vn', N'0947042870', N'Nữ', '2004-02-12'),
(N'US020', N'SV020', N'123456', N'Student', N'Active', GETDATE(), N'Bùi Hữu Khang', N'khangbh0020@student.edu.vn', N'0593525967', N'Nam', '2007-09-28'),
(N'US021', N'SV021', N'123456', N'Student', N'Active', GETDATE(), N'Phan Diễm Huệ', N'huepd0021@student.edu.vn', N'0887428942', N'Nữ', '2007-02-14'),
(N'US022', N'SV022', N'123456', N'Student', N'Active', GETDATE(), N'Hoàng Hữu Long', N'longhh0022@student.edu.vn', N'0960620495', N'Nam', '2005-06-11'),
(N'US023', N'SV023', N'123456', N'Student', N'Active', GETDATE(), N'Phạm Thị Hà', N'hapt0023@student.edu.vn', N'0913964622', N'Nữ', '2005-01-22'),
(N'US024', N'SV024', N'123456', N'Student', N'Inactive', GETDATE(), N'Huỳnh Thị Giang', N'gianght0024@student.edu.vn', N'0361612072', N'Nữ', '2004-10-12'),
(N'US025', N'SV025', N'123456', N'Student', N'Active', GETDATE(), N'Huỳnh Văn Phúc', N'phuchv0025@student.edu.vn', N'0341424856', N'Nam', '2002-08-06'),
(N'US026', N'SV026', N'123456', N'Student', N'Active', GETDATE(), N'Trần Ngọc Huệ', N'huetn0026@student.edu.vn', N'0833922263', N'Nữ', '2003-07-05'),
(N'US027', N'SV027', N'123456', N'Student', N'Active', GETDATE(), N'Phạm Hữu Nam', N'namph0027@student.edu.vn', N'0938098006', N'Nam', '2006-02-11'),
(N'US028', N'SV028', N'123456', N'Student', N'Active', GETDATE(), N'Phan Diễm Loan', N'loanpd0028@student.edu.vn', N'0821692349', N'Nữ', '2005-09-23'),
(N'US029', N'SV029', N'123456', N'Student', N'Active', GETDATE(), N'Đặng Kim Hiền', N'hiendk0029@student.edu.vn', N'0770362448', N'Nữ', '2003-11-07'),
(N'US030', N'SV030', N'123456', N'Student', N'Active', GETDATE(), N'Nguyễn Hữu Dũng', N'dungnh0030@student.edu.vn', N'0978791890', N'Nam', '2005-01-27'),
(N'US031', N'SV031', N'123456', N'Student', N'Active', GETDATE(), N'Trần Quang Đông', N'dongtq0031@student.edu.vn', N'0849584498', N'Nam', '2004-03-07'),
(N'US032', N'SV032', N'123456', N'Student', N'Active', GETDATE(), N'Hoàng Văn Hào', N'haohv0032@student.edu.vn', N'0968319535', N'Nam', '2003-03-24'),
(N'US033', N'SV033', N'123456', N'Student', N'Active', GETDATE(), N'Võ Thu Hương', N'huongvt0033@student.edu.vn', N'0345611178', N'Nữ', '2007-08-15'),
(N'US034', N'SV034', N'123456', N'Student', N'Active', GETDATE(), N'Nguyễn Quang Khang', N'khangnq0034@student.edu.vn', N'0900778866', N'Nam', '2006-04-01'),
(N'US035', N'SV035', N'123456', N'Student', N'Active', GETDATE(), N'Vũ Hữu Cường', N'cuongvh0035@student.edu.vn', N'0343006034', N'Nam', '2006-12-05'),
(N'US036', N'SV036', N'123456', N'Student', N'Active', GETDATE(), N'Phan Đức Nghĩa', N'nghiapd0036@student.edu.vn', N'0939667366', N'Nam', '2003-01-19'),
(N'US037', N'SV037', N'123456', N'Student', N'Active', GETDATE(), N'Đặng Thị Loan', N'loandt0037@student.edu.vn', N'0777310727', N'Nữ', '2002-01-12'),
(N'US038', N'SV038', N'123456', N'Student', N'Active', GETDATE(), N'Phan Thị Hương', N'huongpt0038@student.edu.vn', N'0789379943', N'Nữ', '2003-08-31'),
(N'US039', N'SV039', N'123456', N'Student', N'Active', GETDATE(), N'Đỗ Kim Nhi', N'nhidk0039@student.edu.vn', N'0837649680', N'Nữ', '2007-08-03'),
(N'US040', N'SV040', N'123456', N'Student', N'Active', GETDATE(), N'Nguyễn Ngọc Hoa', N'hoann0040@student.edu.vn', N'0375346218', N'Nữ', '2002-08-06'),
(N'US041', N'SV041', N'123456', N'Student', N'Active', GETDATE(), N'Trần Đức An', N'antd0041@student.edu.vn', N'0371849671', N'Nam', '2007-02-14'),
(N'US042', N'SV042', N'123456', N'Student', N'Active', GETDATE(), N'Phan Quang Hiếu', N'hieupq0042@student.edu.vn', N'0592635593', N'Nam', '2003-06-08'),
(N'US043', N'SV043', N'123456', N'Student', N'Active', GETDATE(), N'Hoàng Kim Huyền', N'huyenhk0043@student.edu.vn', N'0701058428', N'Nữ', '2006-01-03'),
(N'US044', N'SV044', N'123456', N'Student', N'Active', GETDATE(), N'Hoàng Văn Nhân', N'nhanhv0044@student.edu.vn', N'0383946267', N'Nam', '2005-06-18'),
(N'US045', N'SV045', N'123456', N'Student', N'Active', GETDATE(), N'Trần Ngọc Hạnh', N'hanhtn0045@student.edu.vn', N'0796794269', N'Nữ', '2003-09-25'),
(N'US046', N'SV046', N'123456', N'Student', N'Active', GETDATE(), N'Hoàng Đức Kiên', N'kienhd0046@student.edu.vn', N'0701330550', N'Nam', '2005-04-13'),
(N'US047', N'SV047', N'123456', N'Student', N'Active', GETDATE(), N'Trần Đức Minh', N'minhtd0047@student.edu.vn', N'0348906977', N'Nam', '2008-01-29'),
(N'US048', N'SV048', N'123456', N'Student', N'Active', GETDATE(), N'Đỗ Diễm Mai', N'maidd0048@student.edu.vn', N'0390821437', N'Nữ', '2007-04-19'),
(N'US049', N'SV049', N'123456', N'Student', N'Active', GETDATE(), N'Phạm Ngọc Lan', N'lanpn0049@student.edu.vn', N'0780522968', N'Nữ', '2005-05-12'),
(N'US050', N'SV050', N'123456', N'Student', N'Suspended', GETDATE(), N'Đặng Văn Hải', N'haidv0050@student.edu.vn', N'0980436683', N'Nam', '2006-07-26'),
(N'US051', N'SV051', N'123456', N'Student', N'Active', GETDATE(), N'Phạm Ngọc Linh', N'linhpn0051@student.edu.vn', N'0399970911', N'Nữ', '2008-03-05'),
(N'US052', N'SV052', N'123456', N'Student', N'Active', GETDATE(), N'Lê Ngọc Mai', N'mailn0052@student.edu.vn', N'0813207898', N'Nữ', '2004-12-21'),
(N'US053', N'SV053', N'123456', N'Student', N'Active', GETDATE(), N'Đỗ Văn Hào', N'haodv0053@student.edu.vn', N'0907752425', N'Nam', '2005-01-29'),
(N'US054', N'SV054', N'123456', N'Student', N'Active', GETDATE(), N'Võ Diễm Hà', N'havd0054@student.edu.vn', N'0764011281', N'Nữ', '2003-11-04'),
(N'US055', N'SV055', N'123456', N'Student', N'Active', GETDATE(), N'Huỳnh Ngọc Giang', N'gianghn0055@student.edu.vn', N'0923545020', N'Nữ', '2008-03-18'),
(N'US056', N'SV056', N'123456', N'Student', N'Active', GETDATE(), N'Hoàng Kim Linh', N'linhhk0056@student.edu.vn', N'0887462013', N'Nữ', '2006-07-29'),
(N'US057', N'SV057', N'123456', N'Student', N'Active', GETDATE(), N'Võ Thu Giang', N'giangvt0057@student.edu.vn', N'0585846338', N'Nữ', '2002-02-19'),
(N'US058', N'SV058', N'123456', N'Student', N'Active', GETDATE(), N'Đặng Kim Chi', N'chidk0058@student.edu.vn', N'0811533805', N'Nữ', '2002-03-15'),
(N'US059', N'SV059', N'123456', N'Student', N'Active', GETDATE(), N'Phạm Minh Khang', N'khangpm0059@student.edu.vn', N'0908205772', N'Nam', '2004-03-30'),
(N'US060', N'SV060', N'123456', N'Student', N'Active', GETDATE(), N'Trần Hữu An', N'anth0060@student.edu.vn', N'0997040398', N'Nam', '2003-07-29'),
(N'US061', N'SV061', N'123456', N'Student', N'Active', GETDATE(), N'Phạm Minh Nghĩa', N'nghiapm0061@student.edu.vn', N'0901463750', N'Nam', '2003-04-17'),
(N'US062', N'SV062', N'123456', N'Student', N'Active', GETDATE(), N'Huỳnh Đức Hải', N'haihd0062@student.edu.vn', N'0585294906', N'Nam', '2006-06-13'),
(N'US063', N'SV063', N'123456', N'Student', N'Graduated', GETDATE(), N'Trần Thị Nhi', N'nhitt0063@student.edu.vn', N'0912288633', N'Nữ', '2008-09-12'),
(N'US064', N'SV064', N'123456', N'Student', N'Active', GETDATE(), N'Đỗ Minh Huy', N'huydm0064@student.edu.vn', N'0848475136', N'Nam', '2008-04-29'),
(N'US065', N'SV065', N'123456', N'Student', N'Active', GETDATE(), N'Vũ Thị Linh', N'linhvt0065@student.edu.vn', N'0902585920', N'Nữ', '2008-05-11'),
(N'US066', N'SV066', N'123456', N'Student', N'Active', GETDATE(), N'Bùi Thu Loan', N'loanbt0066@student.edu.vn', N'0586903138', N'Nữ', '2002-07-05'),
(N'US067', N'SV067', N'123456', N'Student', N'Active', GETDATE(), N'Hoàng Diễm Hằng', N'hanghd0067@student.edu.vn', N'0845841236', N'Nữ', '2003-12-14'),
(N'US068', N'SV068', N'123456', N'Student', N'Active', GETDATE(), N'Đỗ Minh Đạt', N'datdm0068@student.edu.vn', N'0907733426', N'Nam', '2002-09-14'),
(N'US069', N'SV069', N'123456', N'Student', N'Active', GETDATE(), N'Võ Thu Hạnh', N'hanhvt0069@student.edu.vn', N'0986377408', N'Nữ', '2004-01-06'),
(N'US070', N'SV070', N'123456', N'Student', N'Active', GETDATE(), N'Võ Thị Chi', N'chivt0070@student.edu.vn', N'0997305974', N'Nữ', '2006-01-25'),
(N'US071', N'SV071', N'123456', N'Student', N'Active', GETDATE(), N'Đặng Minh Phong', N'phongdm0071@student.edu.vn', N'0942326260', N'Nam', '2004-04-20'),
(N'US072', N'SV072', N'123456', N'Student', N'Active', GETDATE(), N'Vũ Quang Đạt', N'datvq0072@student.edu.vn', N'0329497373', N'Nam', '2005-07-24'),
(N'US073', N'SV073', N'123456', N'Student', N'Active', GETDATE(), N'Hoàng Thu Giang', N'gianght0073@student.edu.vn', N'0998700527', N'Nữ', '2004-07-23'),
(N'US074', N'SV074', N'123456', N'Student', N'Active', GETDATE(), N'Trần Thu Huệ', N'huett0074@student.edu.vn', N'0777569791', N'Nữ', '2005-08-01'),
(N'US075', N'SV075', N'123456', N'Student', N'Active', GETDATE(), N'Trần Thu Hương', N'huongtt0075@student.edu.vn', N'0994154713', N'Nữ', '2008-07-08'),
(N'US076', N'SV076', N'123456', N'Student', N'Active', GETDATE(), N'Nguyễn Văn Đông', N'dongnv0076@student.edu.vn', N'0905143224', N'Nam', '2006-02-17'),
(N'US077', N'SV077', N'123456', N'Student', N'Active', GETDATE(), N'Phan Quang Hiếu', N'hieupq0077@student.edu.vn', N'0359438327', N'Nam', '2003-01-20'),
(N'US078', N'SV078', N'123456', N'Student', N'Active', GETDATE(), N'Đỗ Ngọc Hà', N'hadn0078@student.edu.vn', N'0967305850', N'Nữ', '2004-07-23'),
(N'US079', N'SV079', N'123456', N'Student', N'Active', GETDATE(), N'Nguyễn Đức Đạt', N'datnd0079@student.edu.vn', N'0382404601', N'Nam', '2008-08-15'),
(N'US080', N'SV080', N'123456', N'Student', N'Active', GETDATE(), N'Trần Minh Nam', N'namtm0080@student.edu.vn', N'0969803977', N'Nam', '2003-06-09'),
(N'US081', N'SV081', N'123456', N'Student', N'Inactive', GETDATE(), N'Phạm Kim Duyên', N'duyenpk0081@student.edu.vn', N'0848856052', N'Nữ', '2008-12-01'),
(N'US082', N'SV082', N'123456', N'Student', N'Active', GETDATE(), N'Phạm Thu Giang', N'giangpt0082@student.edu.vn', N'0786778937', N'Nữ', '2003-12-01'),
(N'US083', N'SV083', N'123456', N'Student', N'Graduated', GETDATE(), N'Bùi Diễm Hà', N'habd0083@student.edu.vn', N'0973073991', N'Nữ', '2007-06-09'),
(N'US084', N'SV084', N'123456', N'Student', N'Active', GETDATE(), N'Bùi Đức Khang', N'khangbd0084@student.edu.vn', N'0787220455', N'Nam', '2002-12-19'),
(N'US085', N'SV085', N'123456', N'Student', N'Active', GETDATE(), N'Đặng Ngọc Huyền', N'huyendn0085@student.edu.vn', N'0763072320', N'Nữ', '2007-06-10'),
(N'US086', N'SV086', N'123456', N'Student', N'Active', GETDATE(), N'Đỗ Đức Nghĩa', N'nghiadd0086@student.edu.vn', N'0902238128', N'Nam', '2003-12-31'),
(N'US087', N'SV087', N'123456', N'Student', N'Active', GETDATE(), N'Huỳnh Đức Khang', N'khanghd0087@student.edu.vn', N'0911611338', N'Nam', '2007-12-31'),
(N'US088', N'SV088', N'123456', N'Student', N'Active', GETDATE(), N'Võ Hữu Hoàng', N'hoangvh0088@student.edu.vn', N'0321339913', N'Nam', '2003-07-16'),
(N'US089', N'SV089', N'123456', N'Student', N'Active', GETDATE(), N'Phạm Thu Chi', N'chipt0089@student.edu.vn', N'0386980645', N'Nữ', '2004-08-12'),
(N'US090', N'SV090', N'123456', N'Student', N'Active', GETDATE(), N'Phan Thị Mai', N'maipt0090@student.edu.vn', N'0975609706', N'Nữ', '2008-02-11'),
(N'US091', N'SV091', N'123456', N'Student', N'Active', GETDATE(), N'Nguyễn Quang Huy', N'huynq0091@student.edu.vn', N'0969720147', N'Nam', '2005-08-04'),
(N'US092', N'SV092', N'123456', N'Student', N'Active', GETDATE(), N'Nguyễn Đức Phong', N'phongnd0092@student.edu.vn', N'0944824557', N'Nam', '2004-02-05'),
(N'US093', N'SV093', N'123456', N'Student', N'Active', GETDATE(), N'Nguyễn Diễm Dung', N'dungnd0093@student.edu.vn', N'0914640149', N'Nữ', '2006-05-31'),
(N'US094', N'SV094', N'123456', N'Student', N'Active', GETDATE(), N'Hoàng Kim My', N'myhk0094@student.edu.vn', N'0347522446', N'Nữ', '2007-06-14'),
(N'US095', N'SV095', N'123456', N'Student', N'Active', GETDATE(), N'Phạm Thị Hạnh', N'hanhpt0095@student.edu.vn', N'0354730568', N'Nữ', '2008-09-01'),
(N'US096', N'SV096', N'123456', N'Student', N'Active', GETDATE(), N'Huỳnh Thu Chi', N'chiht0096@student.edu.vn', N'0931738530', N'Nữ', '2006-03-07'),
(N'US097', N'SV097', N'123456', N'Student', N'Inactive', GETDATE(), N'Lê Thu Linh', N'linhlt0097@student.edu.vn', N'0834956206', N'Nữ', '2004-08-08'),
(N'US098', N'SV098', N'123456', N'Student', N'Active', GETDATE(), N'Bùi Ngọc Hiền', N'hienbn0098@student.edu.vn', N'0843203325', N'Nữ', '2004-07-28'),
(N'US099', N'SV099', N'123456', N'Student', N'Active', GETDATE(), N'Đặng Đức Phong', N'phongdd0099@student.edu.vn', N'0323735863', N'Nam', '2007-11-09'),
(N'US100', N'SV100', N'123456', N'Student', N'Active', GETDATE(), N'Phạm Quang An', N'anpq0100@student.edu.vn', N'0709257255', N'Nam', '2003-05-25'),
(N'US101', N'SV101', N'123456', N'Student', N'Suspended', GETDATE(), N'Phan Diễm Nga', N'ngapd0101@student.edu.vn', N'0562410345', N'Nữ', '2005-12-14'),
(N'US102', N'SV102', N'123456', N'Student', N'Active', GETDATE(), N'Phạm Minh Huy', N'huypm0102@student.edu.vn', N'0856260944', N'Nam', '2007-11-06'),
(N'US103', N'SV103', N'123456', N'Student', N'Active', GETDATE(), N'Võ Thu Hạnh', N'hanhvt0103@student.edu.vn', N'0389310363', N'Nữ', '2008-11-12'),
(N'US104', N'SV104', N'123456', N'Student', N'Active', GETDATE(), N'Bùi Văn Hào', N'haobv0104@student.edu.vn', N'0838326642', N'Nam', '2007-08-14'),
(N'US105', N'SV105', N'123456', N'Student', N'Active', GETDATE(), N'Phạm Minh Hào', N'haopm0105@student.edu.vn', N'0846020127', N'Nam', '2003-07-14'),
(N'US106', N'SV106', N'123456', N'Student', N'Active', GETDATE(), N'Trần Thị Hoa', N'hoatt0106@student.edu.vn', N'0357015128', N'Nữ', '2004-04-11'),
(N'US107', N'SV107', N'123456', N'Student', N'Active', GETDATE(), N'Hoàng Thị Ngọc', N'ngocht0107@student.edu.vn', N'0884746681', N'Nữ', '2004-01-03'),
(N'US108', N'SV108', N'123456', N'Student', N'Active', GETDATE(), N'Đỗ Minh Hoàng', N'hoangdm0108@student.edu.vn', N'0705064754', N'Nam', '2007-07-01'),
(N'US109', N'SV109', N'123456', N'Student', N'Active', GETDATE(), N'Đặng Diễm Anh', N'anhdd0109@student.edu.vn', N'0995285532', N'Nữ', '2007-06-01'),
(N'US110', N'SV110', N'123456', N'Student', N'Active', GETDATE(), N'Bùi Quang Hào', N'haobq0110@student.edu.vn', N'0981420502', N'Nam', '2008-04-08'),
(N'US111', N'SV111', N'123456', N'Student', N'Active', GETDATE(), N'Phan Thu Nhi', N'nhipt0111@student.edu.vn', N'0975380002', N'Nữ', '2007-12-08'),
(N'US112', N'SV112', N'123456', N'Student', N'Active', GETDATE(), N'Phan Quang Hào', N'haopq0112@student.edu.vn', N'0779832592', N'Nam', '2003-11-24'),
(N'US113', N'SV113', N'123456', N'Student', N'Active', GETDATE(), N'Nguyễn Hữu Huy', N'huynh0113@student.edu.vn', N'0903124645', N'Nam', '2004-12-02'),
(N'US114', N'SV114', N'123456', N'Student', N'Active', GETDATE(), N'Vũ Diễm Nga', N'ngavd0114@student.edu.vn', N'0386640345', N'Nữ', '2005-12-28'),
(N'US115', N'SV115', N'123456', N'Student', N'Active', GETDATE(), N'Đỗ Minh Nghĩa', N'nghiadm0115@student.edu.vn', N'0394631977', N'Nam', '2003-07-29'),
(N'US116', N'SV116', N'123456', N'Student', N'Active', GETDATE(), N'Nguyễn Minh Hoàng', N'hoangnm0116@student.edu.vn', N'0932297067', N'Nam', '2008-06-25'),
(N'US117', N'SV117', N'123456', N'Student', N'Active', GETDATE(), N'Vũ Ngọc Huyền', N'huyenvn0117@student.edu.vn', N'0348728190', N'Nữ', '2007-07-24'),
(N'US118', N'SV118', N'123456', N'Student', N'Active', GETDATE(), N'Đỗ Minh Nhân', N'nhandm0118@student.edu.vn', N'0940482017', N'Nam', '2002-02-27'),
(N'US119', N'SV119', N'123456', N'Student', N'Active', GETDATE(), N'Phan Kim Anh', N'anhpk0119@student.edu.vn', N'0349659677', N'Nữ', '2006-09-30'),
(N'US120', N'SV120', N'123456', N'Student', N'Active', GETDATE(), N'Đặng Đức Khoa', N'khoadd0120@student.edu.vn', N'0944294341', N'Nam', '2003-01-01'),
(N'US121', N'SV121', N'123456', N'Student', N'Active', GETDATE(), N'Hoàng Thị Nhi', N'nhiht0121@student.edu.vn', N'0582265845', N'Nữ', '2006-06-08'),
(N'US122', N'SV122', N'123456', N'Student', N'Active', GETDATE(), N'Phạm Kim Hoa', N'hoapk0122@student.edu.vn', N'0798158801', N'Nữ', '2007-03-27'),
(N'US123', N'SV123', N'123456', N'Student', N'Active', GETDATE(), N'Đặng Kim Dung', N'dungdk0123@student.edu.vn', N'0913375748', N'Nữ', '2006-08-16'),
(N'US124', N'SV124', N'123456', N'Student', N'Active', GETDATE(), N'Lê Quang Hiếu', N'hieulq0124@student.edu.vn', N'0983874395', N'Nam', '2003-05-16'),
(N'US125', N'SV125', N'123456', N'Student', N'Active', GETDATE(), N'Phan Minh Cường', N'cuongpm0125@student.edu.vn', N'0779978634', N'Nam', '2007-08-02'),
(N'US126', N'SV126', N'123456', N'Student', N'Active', GETDATE(), N'Trần Quang Khang', N'khangtq0126@student.edu.vn', N'0382882124', N'Nam', '2005-10-14'),
(N'US127', N'SV127', N'123456', N'Student', N'Active', GETDATE(), N'Trần Minh Huy', N'huytm0127@student.edu.vn', N'0987698438', N'Nam', '2006-11-17'),
(N'US128', N'SV128', N'123456', N'Student', N'Active', GETDATE(), N'Lê Kim Hoa', N'hoalk0128@student.edu.vn', N'0701914913', N'Nữ', '2006-11-20'),
(N'US129', N'SV129', N'123456', N'Student', N'Active', GETDATE(), N'Nguyễn Kim Ngọc', N'ngocnk0129@student.edu.vn', N'0852088836', N'Nữ', '2008-11-06'),
(N'US130', N'SV130', N'123456', N'Student', N'Active', GETDATE(), N'Vũ Quang Kiên', N'kienvq0130@student.edu.vn', N'0936649263', N'Nam', '2008-05-27'),
(N'US131', N'SV131', N'123456', N'Student', N'Active', GETDATE(), N'Huỳnh Ngọc Hương', N'huonghn0131@student.edu.vn', N'0324663467', N'Nữ', '2003-01-11'),
(N'US132', N'SV132', N'123456', N'Student', N'Active', GETDATE(), N'Hoàng Hữu Đạt', N'dathh0132@student.edu.vn', N'0769305455', N'Nam', '2002-06-07'),
(N'US133', N'SV133', N'123456', N'Student', N'Active', GETDATE(), N'Lê Văn Hào', N'haolv0133@student.edu.vn', N'0846804232', N'Nam', '2002-10-25'),
(N'US134', N'SV134', N'123456', N'Student', N'Graduated', GETDATE(), N'Phan Quang Khoa', N'khoapq0134@student.edu.vn', N'0355329259', N'Nam', '2002-01-30'),
(N'US135', N'SV135', N'123456', N'Student', N'Active', GETDATE(), N'Phan Thị Giang', N'giangpt0135@student.edu.vn', N'0849100799', N'Nữ', '2005-06-03'),
(N'US136', N'SV136', N'123456', N'Student', N'Active', GETDATE(), N'Phạm Minh An', N'anpm0136@student.edu.vn', N'0372664702', N'Nam', '2004-10-12'),
(N'US137', N'SV137', N'123456', N'Student', N'Active', GETDATE(), N'Phạm Diễm Hương', N'huongpd0137@student.edu.vn', N'0362967266', N'Nữ', '2007-12-30'),
(N'US138', N'SV138', N'123456', N'Student', N'Active', GETDATE(), N'Võ Ngọc Nga', N'ngavn0138@student.edu.vn', N'0771382115', N'Nữ', '2006-10-22'),
(N'US139', N'SV139', N'123456', N'Student', N'Inactive', GETDATE(), N'Đỗ Thu Linh', N'linhdt0139@student.edu.vn', N'0331658674', N'Nữ', '2004-04-09'),
(N'US140', N'SV140', N'123456', N'Student', N'Active', GETDATE(), N'Đỗ Thị Chi', N'chidt0140@student.edu.vn', N'0346089425', N'Nữ', '2008-02-21'),
(N'US141', N'SV141', N'123456', N'Student', N'Active', GETDATE(), N'Hoàng Ngọc Hà', N'hahn0141@student.edu.vn', N'0847151766', N'Nữ', '2008-07-21'),
(N'US142', N'SV142', N'123456', N'Student', N'Active', GETDATE(), N'Đỗ Hữu Khang', N'khangdh0142@student.edu.vn', N'0917749063', N'Nam', '2005-03-30'),
(N'US143', N'SV143', N'123456', N'Student', N'Active', GETDATE(), N'Trần Kim Duyên', N'duyentk0143@student.edu.vn', N'0910943744', N'Nữ', '2004-08-23'),
(N'US144', N'SV144', N'123456', N'Student', N'Active', GETDATE(), N'Huỳnh Minh Huy', N'huyhm0144@student.edu.vn', N'0888636653', N'Nam', '2004-03-06'),
(N'US145', N'SV145', N'123456', N'Student', N'Active', GETDATE(), N'Võ Minh Nghĩa', N'nghiavm0145@student.edu.vn', N'0775447014', N'Nam', '2003-08-17'),
(N'US146', N'SV146', N'123456', N'Student', N'Active', GETDATE(), N'Hoàng Văn Long', N'longhv0146@student.edu.vn', N'0341775656', N'Nam', '2008-12-21'),
(N'US147', N'SV147', N'123456', N'Student', N'Active', GETDATE(), N'Đặng Đức Cường', N'cuongdd0147@student.edu.vn', N'0398412281', N'Nam', '2007-07-19'),
(N'US148', N'SV148', N'123456', N'Student', N'Active', GETDATE(), N'Bùi Thu Huệ', N'huebt0148@student.edu.vn', N'0385688867', N'Nữ', '2005-10-15'),
(N'US149', N'SV149', N'123456', N'Student', N'Active', GETDATE(), N'Phan Diễm Hằng', N'hangpd0149@student.edu.vn', N'0358219673', N'Nữ', '2007-04-02'),
(N'US150', N'SV150', N'123456', N'Student', N'Active', GETDATE(), N'Nguyễn Đức Nhân', N'nhannd0150@student.edu.vn', N'0813343023', N'Nam', '2004-05-08'),
(N'US151', N'SV151', N'123456', N'Student', N'Active', GETDATE(), N'Đặng Hữu Nhân', N'nhandh0151@student.edu.vn', N'0335969391', N'Nam', '2003-05-21'),
(N'US152', N'SV152', N'123456', N'Student', N'Active', GETDATE(), N'Võ Đức Phong', N'phongvd0152@student.edu.vn', N'0586419403', N'Nam', '2005-10-21'),
(N'US153', N'SV153', N'123456', N'Student', N'Inactive', GETDATE(), N'Đỗ Hữu Huy', N'huydh0153@student.edu.vn', N'0587665057', N'Nam', '2008-12-24'),
(N'US154', N'SV154', N'123456', N'Student', N'Active', GETDATE(), N'Lê Thị Huệ', N'huelt0154@student.edu.vn', N'0944008207', N'Nữ', '2005-04-05'),
(N'US155', N'SV155', N'123456', N'Student', N'Active', GETDATE(), N'Phạm Văn Dũng', N'dungpv0155@student.edu.vn', N'0859657194', N'Nam', '2008-09-02'),
(N'US156', N'SV156', N'123456', N'Student', N'Active', GETDATE(), N'Huỳnh Thu Hằng', N'hanght0156@student.edu.vn', N'0980454202', N'Nữ', '2006-11-17'),
(N'US157', N'SV157', N'123456', N'Student', N'Active', GETDATE(), N'Huỳnh Diễm Ngọc', N'ngochd0157@student.edu.vn', N'0599290482', N'Nữ', '2005-12-07'),
(N'US158', N'SV158', N'123456', N'Student', N'Active', GETDATE(), N'Trần Quang Huy', N'huytq0158@student.edu.vn', N'0799830146', N'Nam', '2003-02-08'),
(N'US159', N'SV159', N'123456', N'Student', N'Active', GETDATE(), N'Lê Thu Duyên', N'duyenlt0159@student.edu.vn', N'0931856774', N'Nữ', '2006-05-03'),
(N'US160', N'SV160', N'123456', N'Student', N'Active', GETDATE(), N'Hoàng Quang Lâm', N'lamhq0160@student.edu.vn', N'0347538530', N'Nam', '2005-09-25'),
(N'US161', N'SV161', N'123456', N'Student', N'Active', GETDATE(), N'Lê Kim My', N'mylk0161@student.edu.vn', N'0377692080', N'Nữ', '2002-02-28'),
(N'US162', N'SV162', N'123456', N'Student', N'Active', GETDATE(), N'Vũ Minh An', N'anvm0162@student.edu.vn', N'0834122402', N'Nam', '2004-09-09'),
(N'US163', N'SV163', N'123456', N'Student', N'Active', GETDATE(), N'Hoàng Văn Minh', N'minhhv0163@student.edu.vn', N'0919373357', N'Nam', '2002-06-21'),
(N'US164', N'SV164', N'123456', N'Student', N'Active', GETDATE(), N'Phan Thị Mai', N'maipt0164@student.edu.vn', N'0770225464', N'Nữ', '2007-01-03'),
(N'US165', N'SV165', N'123456', N'Student', N'Active', GETDATE(), N'Trần Ngọc Hà', N'hatn0165@student.edu.vn', N'0765653925', N'Nữ', '2006-12-15'),
(N'US166', N'SV166', N'123456', N'Student', N'Active', GETDATE(), N'Phan Ngọc Huệ', N'huepn0166@student.edu.vn', N'0998043848', N'Nữ', '2006-05-21'),
(N'US167', N'SV167', N'123456', N'Student', N'Active', GETDATE(), N'Đỗ Đức Hiếu', N'hieudd0167@student.edu.vn', N'0886395528', N'Nam', '2007-01-07'),
(N'US168', N'SV168', N'123456', N'Student', N'Active', GETDATE(), N'Phan Diễm Huyền', N'huyenpd0168@student.edu.vn', N'0329090727', N'Nữ', '2006-06-13'),
(N'US169', N'SV169', N'123456', N'Student', N'Active', GETDATE(), N'Đỗ Hữu Đông', N'dongdh0169@student.edu.vn', N'0926782866', N'Nam', '2005-05-14'),
(N'US170', N'SV170', N'123456', N'Student', N'Active', GETDATE(), N'Lê Ngọc Hiền', N'hienln0170@student.edu.vn', N'0923288805', N'Nữ', '2003-03-11'),
(N'US171', N'SV171', N'123456', N'Student', N'Active', GETDATE(), N'Lê Kim Hạnh', N'hanhlk0171@student.edu.vn', N'0831886546', N'Nữ', '2006-01-25'),
(N'US172', N'SV172', N'123456', N'Student', N'Active', GETDATE(), N'Lê Diễm Loan', N'loanld0172@student.edu.vn', N'0581404347', N'Nữ', '2005-01-19'),
(N'US173', N'SV173', N'123456', N'Student', N'Inactive', GETDATE(), N'Hoàng Diễm Huệ', N'huehd0173@student.edu.vn', N'0982155757', N'Nữ', '2002-06-25'),
(N'US174', N'SV174', N'123456', N'Student', N'Active', GETDATE(), N'Đỗ Hữu Nam', N'namdh0174@student.edu.vn', N'0376573829', N'Nam', '2006-04-28'),
(N'US175', N'SV175', N'123456', N'Student', N'Active', GETDATE(), N'Nguyễn Đức Long', N'longnd0175@student.edu.vn', N'0983979162', N'Nam', '2006-05-30'),
(N'US176', N'SV176', N'123456', N'Student', N'Active', GETDATE(), N'Huỳnh Văn Hào', N'haohv0176@student.edu.vn', N'0345279487', N'Nam', '2003-08-13'),
(N'US177', N'SV177', N'123456', N'Student', N'Active', GETDATE(), N'Huỳnh Ngọc Dung', N'dunghn0177@student.edu.vn', N'0795136499', N'Nữ', '2002-12-23'),
(N'US178', N'SV178', N'123456', N'Student', N'Active', GETDATE(), N'Bùi Văn An', N'anbv0178@student.edu.vn', N'0983805548', N'Nam', '2008-08-01'),
(N'US179', N'SV179', N'123456', N'Student', N'Active', GETDATE(), N'Võ Hữu Phong', N'phongvh0179@student.edu.vn', N'0975902064', N'Nam', '2003-04-07'),
(N'US180', N'SV180', N'123456', N'Student', N'Active', GETDATE(), N'Phạm Hữu Phúc', N'phucph0180@student.edu.vn', N'0821210336', N'Nam', '2002-09-06'),
(N'US181', N'SV181', N'123456', N'Student', N'Active', GETDATE(), N'Đỗ Kim Giang', N'giangdk0181@student.edu.vn', N'0349629317', N'Nữ', '2003-05-20'),
(N'US182', N'SV182', N'123456', N'Student', N'Active', GETDATE(), N'Trần Ngọc Dung', N'dungtn0182@student.edu.vn', N'0329176902', N'Nữ', '2004-12-02'),
(N'US183', N'SV183', N'123456', N'Student', N'Active', GETDATE(), N'Bùi Minh Hiếu', N'hieubm0183@student.edu.vn', N'0836932009', N'Nam', '2004-02-06'),
(N'US184', N'SV184', N'123456', N'Student', N'Active', GETDATE(), N'Đỗ Minh Minh', N'minhdm0184@student.edu.vn', N'0945234981', N'Nam', '2006-04-12'),
(N'US185', N'SV185', N'123456', N'Student', N'Active', GETDATE(), N'Lê Thị Lan', N'lanlt0185@student.edu.vn', N'0762656194', N'Nữ', '2008-10-13'),
(N'US186', N'SV186', N'123456', N'Student', N'Active', GETDATE(), N'Lê Thu Nhung', N'nhunglt0186@student.edu.vn', N'0968876406', N'Nữ', '2003-12-26'),
(N'US187', N'SV187', N'123456', N'Student', N'Active', GETDATE(), N'Trần Văn Phong', N'phongtv0187@student.edu.vn', N'0390247714', N'Nam', '2004-11-30'),
(N'US188', N'SV188', N'123456', N'Student', N'Active', GETDATE(), N'Lê Diễm Hạnh', N'hanhld0188@student.edu.vn', N'0918568190', N'Nữ', '2008-09-30'),
(N'US189', N'SV189', N'123456', N'Student', N'Active', GETDATE(), N'Phan Ngọc Lan', N'lanpn0189@student.edu.vn', N'0763746150', N'Nữ', '2002-12-14'),
(N'US190', N'SV190', N'123456', N'Student', N'Active', GETDATE(), N'Phan Ngọc Nga', N'ngapn0190@student.edu.vn', N'0992586024', N'Nữ', '2002-03-06'),
(N'US191', N'SV191', N'123456', N'Student', N'Active', GETDATE(), N'Đặng Hữu Khoa', N'khoadh0191@student.edu.vn', N'0781761250', N'Nam', '2008-03-11'),
(N'US192', N'SV192', N'123456', N'Student', N'Active', GETDATE(), N'Võ Kim Anh', N'anhvk0192@student.edu.vn', N'0382227978', N'Nữ', '2003-10-07'),
(N'US193', N'SV193', N'123456', N'Student', N'Active', GETDATE(), N'Đặng Kim My', N'mydk0193@student.edu.vn', N'0354799220', N'Nữ', '2002-01-17'),
(N'US194', N'SV194', N'123456', N'Student', N'Active', GETDATE(), N'Đỗ Quang Cường', N'cuongdq0194@student.edu.vn', N'0975161454', N'Nam', '2008-09-19'),
(N'US195', N'SV195', N'123456', N'Student', N'Active', GETDATE(), N'Huỳnh Thu Huyền', N'huyenht0195@student.edu.vn', N'0561353987', N'Nữ', '2007-07-14'),
(N'US196', N'SV196', N'123456', N'Student', N'Active', GETDATE(), N'Lê Ngọc Nhi', N'nhiln0196@student.edu.vn', N'0585274142', N'Nữ', '2003-07-01'),
(N'US197', N'SV197', N'123456', N'Student', N'Active', GETDATE(), N'Nguyễn Quang Khang', N'khangnq0197@student.edu.vn', N'0812696048', N'Nam', '2008-04-28'),
(N'US198', N'SV198', N'123456', N'Student', N'Suspended', GETDATE(), N'Trần Đức Hoàng', N'hoangtd0198@student.edu.vn', N'0703696872', N'Nam', '2006-11-08'),
(N'US199', N'SV199', N'123456', N'Student', N'Active', GETDATE(), N'Hoàng Diễm Mai', N'maihd0199@student.edu.vn', N'0993177571', N'Nữ', '2008-11-08'),
(N'US200', N'SV200', N'123456', N'Student', N'Active', GETDATE(), N'Vũ Hữu Kiên', N'kienvh0200@student.edu.vn', N'0589491433', N'Nam', '2003-06-24');
GO

INSERT INTO dbo.Students
    (StudentID, UserID, Major, GPA, TuitionOwed)
VALUES
(N'SV001', N'US001', N'Civil Engineering', 3.1, 0),
(N'SV002', N'US002', N'Graphic Design', 2.56, 0),
(N'SV003', N'US003', N'Accounting', 2.48, 11000000),
(N'SV004', N'US004', N'Finance - Banking', 4.0, 0),
(N'SV005', N'US005', N'Civil Engineering', 2.51, 0),
(N'SV006', N'US006', N'Accounting', 1.89, 0),
(N'SV007', N'US007', N'Civil Engineering', 2.78, 0),
(N'SV008', N'US008', N'Information Systems', 2.84, 0),
(N'SV009', N'US009', N'Software Engineering', 2.97, 0),
(N'SV010', N'US010', N'Software Engineering', 3.21, 0),
(N'SV011', N'US011', N'Artificial Intelligence', 2.62, 0),
(N'SV012', N'US012', N'Information Systems', 3.0, 0),
(N'SV013', N'US013', N'Artificial Intelligence', 2.77, 9000000),
(N'SV014', N'US014', N'Marketing', 2.86, 0),
(N'SV015', N'US015', N'Accounting', 2.94, 14500000),
(N'SV016', N'US016', N'Marketing', 3.72, 0),
(N'SV017', N'US017', N'Civil Engineering', 2.59, 13000000),
(N'SV018', N'US018', N'Accounting', 2.46, 0),
(N'SV019', N'US019', N'Artificial Intelligence', 2.54, 9500000),
(N'SV020', N'US020', N'Software Engineering', 3.02, 4000000),
(N'SV021', N'US021', N'Mechanical Engineering', 3.03, 0),
(N'SV022', N'US022', N'Accounting', 2.81, 0),
(N'SV023', N'US023', N'Graphic Design', 2.29, 0),
(N'SV024', N'US024', N'Business Administration', 2.41, 0),
(N'SV025', N'US025', N'Cybersecurity', 3.44, 0),
(N'SV026', N'US026', N'Information Systems', 2.45, 3500000),
(N'SV027', N'US027', N'Graphic Design', 3.56, 0),
(N'SV028', N'US028', N'English Language', 2.53, 13000000),
(N'SV029', N'US029', N'Civil Engineering', 3.02, 0),
(N'SV030', N'US030', N'Business Administration', 1.73, 0),
(N'SV031', N'US031', N'Information Systems', 3.0, 0),
(N'SV032', N'US032', N'Business Administration', 2.97, 0),
(N'SV033', N'US033', N'Software Engineering', 1.84, 0),
(N'SV034', N'US034', N'Information Systems', 3.46, 9000000),
(N'SV035', N'US035', N'Computer Science', 2.79, 0),
(N'SV036', N'US036', N'Civil Engineering', 2.66, 1000000),
(N'SV037', N'US037', N'Civil Engineering', 1.54, 0),
(N'SV038', N'US038', N'Civil Engineering', 3.56, 0),
(N'SV039', N'US039', N'Cybersecurity', 2.52, 1000000),
(N'SV040', N'US040', N'Electrical - Electronic Engineering', 2.7, 0),
(N'SV041', N'US041', N'Cybersecurity', 3.12, 0),
(N'SV042', N'US042', N'Electrical - Electronic Engineering', 2.53, 0),
(N'SV043', N'US043', N'Finance - Banking', 2.38, 0),
(N'SV044', N'US044', N'Cybersecurity', 2.91, 12000000),
(N'SV045', N'US045', N'English Language', 3.55, 0),
(N'SV046', N'US046', N'Software Engineering', 3.06, 2500000),
(N'SV047', N'US047', N'Cybersecurity', 2.8, 0),
(N'SV048', N'US048', N'Information Systems', 2.15, 0),
(N'SV049', N'US049', N'Accounting', 3.33, 7000000),
(N'SV050', N'US050', N'Accounting', 2.29, 0),
(N'SV051', N'US051', N'Accounting', 3.3, 0),
(N'SV052', N'US052', N'Business Administration', 2.94, 0),
(N'SV053', N'US053', N'Cybersecurity', 2.52, 0),
(N'SV054', N'US054', N'Mechanical Engineering', 3.23, 0),
(N'SV055', N'US055', N'Artificial Intelligence', 2.29, 0),
(N'SV056', N'US056', N'Marketing', 3.05, 0),
(N'SV057', N'US057', N'Marketing', 2.72, 0),
(N'SV058', N'US058', N'Software Engineering', 2.85, 0),
(N'SV059', N'US059', N'Cybersecurity', 3.53, 500000),
(N'SV060', N'US060', N'Marketing', 3.33, 0),
(N'SV061', N'US061', N'Cybersecurity', 3.86, 13000000),
(N'SV062', N'US062', N'Computer Science', 2.72, 2500000),
(N'SV063', N'US063', N'Artificial Intelligence', 3.34, 0),
(N'SV064', N'US064', N'Business Administration', 3.28, 0),
(N'SV065', N'US065', N'Finance - Banking', 2.41, 0),
(N'SV066', N'US066', N'Graphic Design', 1.89, 0),
(N'SV067', N'US067', N'Finance - Banking', 3.87, 7000000),
(N'SV068', N'US068', N'Civil Engineering', 2.32, 0),
(N'SV069', N'US069', N'Marketing', 2.34, 2000000),
(N'SV070', N'US070', N'Mechanical Engineering', 2.46, 0),
(N'SV071', N'US071', N'English Language', 2.13, 0),
(N'SV072', N'US072', N'Marketing', 2.6, 0),
(N'SV073', N'US073', N'Civil Engineering', 3.17, 0),
(N'SV074', N'US074', N'Computer Science', 1.92, 0),
(N'SV075', N'US075', N'Computer Science', 2.94, 0),
(N'SV076', N'US076', N'Finance - Banking', 2.6, 0),
(N'SV077', N'US077', N'Accounting', 2.59, 0),
(N'SV078', N'US078', N'Civil Engineering', 2.78, 0),
(N'SV079', N'US079', N'Business Administration', 2.87, 1000000),
(N'SV080', N'US080', N'English Language', 2.97, 0),
(N'SV081', N'US081', N'Civil Engineering', 3.37, 0),
(N'SV082', N'US082', N'Business Administration', 2.61, 0),
(N'SV083', N'US083', N'Business Administration', 3.25, 0),
(N'SV084', N'US084', N'Marketing', 2.23, 7500000),
(N'SV085', N'US085', N'Software Engineering', 2.54, 0),
(N'SV086', N'US086', N'Information Technology', 2.62, 0),
(N'SV087', N'US087', N'Graphic Design', 3.58, 0),
(N'SV088', N'US088', N'Business Administration', 2.44, 0),
(N'SV089', N'US089', N'Finance - Banking', 1.76, 0),
(N'SV090', N'US090', N'Civil Engineering', 2.67, 8000000),
(N'SV091', N'US091', N'Finance - Banking', 2.79, 500000),
(N'SV092', N'US092', N'Graphic Design', 3.4, 0),
(N'SV093', N'US093', N'Information Technology', 2.41, 6500000),
(N'SV094', N'US094', N'Marketing', 3.36, 0),
(N'SV095', N'US095', N'Computer Science', 2.7, 0),
(N'SV096', N'US096', N'Information Technology', 2.56, 0),
(N'SV097', N'US097', N'Business Administration', 2.29, 0),
(N'SV098', N'US098', N'Information Technology', 3.53, 0),
(N'SV099', N'US099', N'Software Engineering', 3.35, 0),
(N'SV100', N'US100', N'English Language', 2.39, 0),
(N'SV101', N'US101', N'Business Administration', 3.34, 0),
(N'SV102', N'US102', N'Cybersecurity', 1.98, 4000000),
(N'SV103', N'US103', N'Software Engineering', 3.23, 0),
(N'SV104', N'US104', N'Mechanical Engineering', 3.1, 0),
(N'SV105', N'US105', N'Graphic Design', 2.59, 0),
(N'SV106', N'US106', N'Business Administration', 2.06, 4000000),
(N'SV107', N'US107', N'Civil Engineering', 2.52, 1500000),
(N'SV108', N'US108', N'Cybersecurity', 2.49, 0),
(N'SV109', N'US109', N'Graphic Design', 3.29, 12500000),
(N'SV110', N'US110', N'Artificial Intelligence', 2.78, 0),
(N'SV111', N'US111', N'Software Engineering', 2.92, 12500000),
(N'SV112', N'US112', N'Computer Science', 2.84, 0),
(N'SV113', N'US113', N'Graphic Design', 2.98, 0),
(N'SV114', N'US114', N'Accounting', 3.22, 500000),
(N'SV115', N'US115', N'Accounting', 2.33, 0),
(N'SV116', N'US116', N'Computer Science', 3.21, 15000000),
(N'SV117', N'US117', N'Finance - Banking', 2.83, 0),
(N'SV118', N'US118', N'Information Technology', 3.24, 0),
(N'SV119', N'US119', N'Information Systems', 3.09, 0),
(N'SV120', N'US120', N'Software Engineering', 3.02, 0),
(N'SV121', N'US121', N'Graphic Design', 2.99, 3500000),
(N'SV122', N'US122', N'Mechanical Engineering', 2.46, 12500000),
(N'SV123', N'US123', N'Artificial Intelligence', 1.93, 0),
(N'SV124', N'US124', N'Cybersecurity', 2.27, 0),
(N'SV125', N'US125', N'Finance - Banking', 3.65, 0),
(N'SV126', N'US126', N'Computer Science', 3.45, 0),
(N'SV127', N'US127', N'Marketing', 2.4, 0),
(N'SV128', N'US128', N'Civil Engineering', 3.12, 0),
(N'SV129', N'US129', N'Civil Engineering', 3.17, 0),
(N'SV130', N'US130', N'Finance - Banking', 2.42, 0),
(N'SV131', N'US131', N'Civil Engineering', 2.63, 0),
(N'SV132', N'US132', N'Computer Science', 2.54, 14000000),
(N'SV133', N'US133', N'Cybersecurity', 2.9, 0),
(N'SV134', N'US134', N'Accounting', 2.11, 0),
(N'SV135', N'US135', N'Civil Engineering', 2.48, 0),
(N'SV136', N'US136', N'Software Engineering', 2.14, 13500000),
(N'SV137', N'US137', N'Cybersecurity', 2.89, 0),
(N'SV138', N'US138', N'Information Systems', 2.51, 0),
(N'SV139', N'US139', N'Cybersecurity', 2.95, 0),
(N'SV140', N'US140', N'Accounting', 2.42, 2500000),
(N'SV141', N'US141', N'Finance - Banking', 3.41, 0),
(N'SV142', N'US142', N'Civil Engineering', 2.32, 11000000),
(N'SV143', N'US143', N'Marketing', 1.38, 0),
(N'SV144', N'US144', N'Finance - Banking', 2.72, 0),
(N'SV145', N'US145', N'Finance - Banking', 3.09, 0),
(N'SV146', N'US146', N'Civil Engineering', 3.11, 14500000),
(N'SV147', N'US147', N'Computer Science', 4.0, 6500000),
(N'SV148', N'US148', N'Marketing', 3.07, 6000000),
(N'SV149', N'US149', N'Software Engineering', 3.05, 0),
(N'SV150', N'US150', N'Electrical - Electronic Engineering', 2.96, 0),
(N'SV151', N'US151', N'Graphic Design', 3.71, 0),
(N'SV152', N'US152', N'Cybersecurity', 3.13, 0),
(N'SV153', N'US153', N'Artificial Intelligence', 3.09, 2500000),
(N'SV154', N'US154', N'Artificial Intelligence', 3.0, 0),
(N'SV155', N'US155', N'Mechanical Engineering', 2.97, 0),
(N'SV156', N'US156', N'Finance - Banking', 3.35, 0),
(N'SV157', N'US157', N'Electrical - Electronic Engineering', 2.85, 0),
(N'SV158', N'US158', N'Software Engineering', 3.44, 3500000),
(N'SV159', N'US159', N'Information Systems', 3.81, 14000000),
(N'SV160', N'US160', N'Business Administration', 2.7, 0),
(N'SV161', N'US161', N'Information Technology', 3.34, 4500000),
(N'SV162', N'US162', N'Civil Engineering', 2.29, 0),
(N'SV163', N'US163', N'Artificial Intelligence', 1.76, 0),
(N'SV164', N'US164', N'Civil Engineering', 3.9, 0),
(N'SV165', N'US165', N'Cybersecurity', 3.17, 0),
(N'SV166', N'US166', N'Electrical - Electronic Engineering', 2.52, 3500000),
(N'SV167', N'US167', N'Electrical - Electronic Engineering', 3.13, 0),
(N'SV168', N'US168', N'Cybersecurity', 3.17, 3000000),
(N'SV169', N'US169', N'Civil Engineering', 3.39, 500000),
(N'SV170', N'US170', N'Mechanical Engineering', 2.81, 0),
(N'SV171', N'US171', N'English Language', 3.45, 2000000),
(N'SV172', N'US172', N'Business Administration', 2.53, 3000000),
(N'SV173', N'US173', N'Mechanical Engineering', 2.89, 0),
(N'SV174', N'US174', N'Information Systems', 1.87, 0),
(N'SV175', N'US175', N'Cybersecurity', 2.43, 0),
(N'SV176', N'US176', N'Electrical - Electronic Engineering', 3.02, 0),
(N'SV177', N'US177', N'Mechanical Engineering', 3.2, 0),
(N'SV178', N'US178', N'Software Engineering', 3.63, 0),
(N'SV179', N'US179', N'Computer Science', 2.36, 0),
(N'SV180', N'US180', N'Civil Engineering', 3.36, 9500000),
(N'SV181', N'US181', N'Artificial Intelligence', 2.9, 5000000),
(N'SV182', N'US182', N'Computer Science', 2.74, 2000000),
(N'SV183', N'US183', N'Artificial Intelligence', 3.4, 3000000),
(N'SV184', N'US184', N'Artificial Intelligence', 2.16, 0),
(N'SV185', N'US185', N'English Language', 2.33, 0),
(N'SV186', N'US186', N'Electrical - Electronic Engineering', 3.3, 1500000),
(N'SV187', N'US187', N'Business Administration', 2.12, 0),
(N'SV188', N'US188', N'Electrical - Electronic Engineering', 2.51, 0),
(N'SV189', N'US189', N'Finance - Banking', 3.52, 0),
(N'SV190', N'US190', N'Business Administration', 2.35, 1000000),
(N'SV191', N'US191', N'Finance - Banking', 4.0, 0),
(N'SV192', N'US192', N'Graphic Design', 2.65, 8500000),
(N'SV193', N'US193', N'Computer Science', 2.55, 8000000),
(N'SV194', N'US194', N'Marketing', 2.78, 5000000),
(N'SV195', N'US195', N'Business Administration', 2.19, 6500000),
(N'SV196', N'US196', N'Graphic Design', 2.78, 0),
(N'SV197', N'US197', N'Information Systems', 2.09, 0),
(N'SV198', N'US198', N'Information Systems', 2.54, 0),
(N'SV199', N'US199', N'Artificial Intelligence', 2.86, 0),
(N'SV200', N'US200', N'Marketing', 2.94, 0);
GO

/*=========================================================
    ENROLLMENTS
=========================================================*/

INSERT INTO Enrollments
(ClassID, StudentID, EnrollmentDate, Status)
VALUES
('CLS001','SV001','2026-01-05','Enrolled'),
('CLS001','SV002','2026-01-05','Enrolled'),
('CLS001','SV003','2026-01-06','Enrolled'),
('CLS001','SV004','2026-01-06','Enrolled'),
('CLS001','SV005','2026-01-07','Enrolled'),
('CLS001','SV006','2026-01-07','Enrolled'),
('CLS001','SV007','2026-01-08','Enrolled'),
('CLS001','SV008','2026-01-08','Enrolled'),
('CLS002','SV009','2026-01-09','Enrolled'),
('CLS002','SV010','2026-01-09','Enrolled'),
('CLS002','SV011','2026-01-10','Enrolled'),
('CLS002','SV012','2026-01-10','Enrolled'),
('CLS002','SV013','2026-01-11','Enrolled'),
('CLS003','SV014','2026-01-11','Enrolled'),
('CLS003','SV015','2026-01-12','Enrolled'),
('CLS003','SV016','2026-01-12','Enrolled'),
('CLS003','SV017','2026-01-13','Enrolled'),
('CLS004','SV018','2026-01-13','Enrolled'),
('CLS004','SV019','2026-01-14','Enrolled'),
('CLS004','SV020','2026-01-14','Enrolled');
GO

/*=========================================================
    ATTENDANCE
=========================================================*/

INSERT INTO Attendance
(EnrollmentID, AttendanceDate, Status)
VALUES
(1,'2026-01-06','Present'),
(2,'2026-01-06','Late'),
(3,'2026-01-07','Present'),
(4,'2026-01-07','Absent'),
(5,'2026-01-08','Present'),
(6,'2026-01-08','Present'),
(7,'2026-01-09','Late'),
(8,'2026-01-09','Present'),
(9,'2026-01-10','Present'),
(10,'2026-01-10','Absent'),
(11,'2026-01-11','Present'),
(12,'2026-01-11','Present'),
(13,'2026-01-12','Late'),
(14,'2026-01-12','Present'),
(15,'2026-01-13','Present'),
(16,'2026-01-13','Present'),
(17,'2026-01-14','Absent'),
(18,'2026-01-14','Present'),
(19,'2026-01-15','Late'),
(20,'2026-01-15','Present');

/*=========================================================
    SCORES
=========================================================*/

INSERT INTO Scores
(EnrollmentID,AssessmentType,Score)
VALUES

(1,'Midterm',7.5),
(1,'Final',8.0),
(1,'Assignment',9.0),

(2,'Midterm',6.5),
(2,'Final',7.0),
(2,'Assignment',8.5),

(3,'Midterm',8.0),
(3,'Final',8.5),
(3,'Assignment',9.0),

(4,'Midterm',5.5),
(4,'Final',6.5),
(4,'Assignment',7.5),

(5,'Midterm',9.0),
(5,'Final',9.5),
(5,'Assignment',10.0),

(6,'Midterm',7.0),
(6,'Final',7.5),
(6,'Assignment',8.0),

(7,'Midterm',8.5),
(7,'Final',8.0),
(7,'Assignment',9.5),

(8,'Midterm',6.0),
(8,'Final',7.0),
(8,'Assignment',7.5),

(9,'Midterm',8.0),
(9,'Final',8.5),
(9,'Assignment',9.0),

(10,'Midterm',7.5),
(10,'Final',8.0),
(10,'Assignment',8.5),

(11,'Midterm',6.5),
(11,'Final',7.5),
(11,'Assignment',8.0),

(12,'Midterm',8.5),
(12,'Final',9.0),
(12,'Assignment',9.5),

(13,'Midterm',7.0),
(13,'Final',7.5),
(13,'Assignment',8.0),

(14,'Midterm',6.0),
(14,'Final',6.5),
(14,'Assignment',7.0),

(15,'Midterm',9.0),
(15,'Final',9.5),
(15,'Assignment',10.0),

(16,'Midterm',7.5),
(16,'Final',8.0),
(16,'Assignment',8.5),

(17,'Midterm',8.0),
(17,'Final',8.5),
(17,'Assignment',9.0),

(18,'Midterm',6.5),
(18,'Final',7.5),
(18,'Assignment',8.0),

(19,'Midterm',7.0),
(19,'Final',8.0),
(19,'Assignment',8.5),

(20,'Midterm',9.0),
(20,'Final',9.5),
(20,'Assignment',10.0);

------------------------------------------------------------
-- TUITION
------------------------------------------------------------

INSERT INTO Tuition
(StudentID, Semester, Amount, PaidAmount, DueDate, PaymentStatus)
VALUES
('SV001','2026A',5500000,5500000,'2026-03-15','Paid'),
('SV002','2026A',5500000,3000000,'2026-03-15','Partial'),
('SV003','2026A',5500000,0,'2026-03-15','Unpaid'),
('SV004','2026A',5500000,5500000,'2026-03-15','Paid'),
('SV005','2026A',5500000,0,'2026-03-15','Unpaid'),
('SV006','2026A',5500000,5500000,'2026-03-15','Paid'),
('SV007','2026A',5500000,2500000,'2026-03-15','Partial'),
('SV008','2026A',5500000,5500000,'2026-03-15','Paid'),
('SV009','2026A',5500000,0,'2026-03-15','Unpaid'),
('SV010','2026A',5500000,5500000,'2026-03-15','Paid');

